DAY,DATE,ID,WEATHER,TIME,BEHAVIOR,DAILY R.FREQUENCY,HOURLY R.FREQUENCY,TEMP MED
1,8/18/2020,BTPF02,cloudy,07:00,Feeding,0.00,0.00,21.73
1,8/18/2020,BTPF02,cloudy,07:00,Others,0.00,0.00,21.73
1,8/18/2020,BTPF02,cloudy,07:00,Traveling,0.00,0.00,21.73
1,8/18/2020,BTPF02,cloudy,07:00,Others,0.00,0.00,21.73
1,8/18/2020,BTPF02,cloudy,07:00,Resting,0.11,1.00,21.73
1,8/18/2020,BTPF02,cloudy,08:00,Feeding,0.00,0.00,24.42
1,8/18/2020,BTPF02,cloudy,08:00,Others,0.00,0.00,24.42
1,8/18/2020,BTPF02,cloudy,08:00,Traveling,0.06,0.50,24.42
1,8/18/2020,BTPF02,cloudy,08:00,Others,0.00,0.00,24.42
1,8/18/2020,BTPF02,cloudy,08:00,Resting,0.06,0.50,24.42
1,8/18/2020,BTPF02,cloudy,09:00,Feeding,0.00,0.00,26.69
1,8/18/2020,BTPF02,cloudy,09:00,Others,0.00,0.00,26.69
1,8/18/2020,BTPF02,cloudy,09:00,Traveling,0.00,0.00,26.69
1,8/18/2020,BTPF02,cloudy,09:00,Others,0.00,0.00,26.69
1,8/18/2020,BTPF02,cloudy,09:00,Resting,0.11,1.00,26.69
1,8/18/2020,BTPF02,cloudy,10:00,Feeding,0.00,0.00,28.23
1,8/18/2020,BTPF02,cloudy,10:00,Others,0.00,0.00,28.23
1,8/18/2020,BTPF02,cloudy,10:00,Traveling,0.00,0.00,28.23
1,8/18/2020,BTPF02,cloudy,10:00,Others,0.00,0.00,28.23
1,8/18/2020,BTPF02,cloudy,10:00,Resting,0.11,1.00,28.23
1,8/18/2020,BTPF02,cloudy,11:00,Feeding,0.06,0.50,27.37
1,8/18/2020,BTPF02,cloudy,11:00,Others,0.00,0.00,27.37
1,8/18/2020,BTPF02,cloudy,11:00,Traveling,0.00,0.00,27.37
1,8/18/2020,BTPF02,cloudy,11:00,Others,0.00,0.00,27.37
1,8/18/2020,BTPF02,cloudy,11:00,Resting,0.06,0.50,27.37
1,8/18/2020,BTPF02,sunny,13:00,Feeding,0.00,0.00,27.37
1,8/18/2020,BTPF02,sunny,13:00,Others,0.00,0.00,27.37
1,8/18/2020,BTPF02,sunny,13:00,Traveling,0.00,0.00,27.37
1,8/18/2020,BTPF02,sunny,13:00,Others,0.00,0.00,27.37
1,8/18/2020,BTPF02,sunny,13:00,Resting,0.11,1.00,27.37
1,8/18/2020,BTPF02,sunny,14:00,Feeding,0.00,0.00,27.32
1,8/18/2020,BTPF02,sunny,14:00,Others,0.00,0.00,27.32
1,8/18/2020,BTPF02,sunny,14:00,Traveling,0.00,0.00,27.32
1,8/18/2020,BTPF02,sunny,14:00,Others,0.00,0.00,27.32
1,8/18/2020,BTPF02,sunny,14:00,Resting,0.11,1.00,27.32
1,8/18/2020,BTPF02,sunny,15:00,Feeding,0.00,0.00,26.39
1,8/18/2020,BTPF02,sunny,15:00,Others,0.00,0.00,26.39
1,8/18/2020,BTPF02,sunny,15:00,Traveling,0.00,0.00,26.39
1,8/18/2020,BTPF02,sunny,15:00,Others,0.00,0.00,26.39
1,8/18/2020,BTPF02,sunny,15:00,Resting,0.11,1.00,26.39
1,8/18/2020,BTPF02,sunny,16:00,Feeding,0.00,0.00,25.74
1,8/18/2020,BTPF02,sunny,16:00,Others,0.00,0.00,25.74
1,8/18/2020,BTPF02,sunny,16:00,Traveling,0.00,0.00,25.74
1,8/18/2020,BTPF02,sunny,16:00,Others,0.00,0.00,25.74
1,8/18/2020,BTPF02,sunny,16:00,Resting,0.11,1.00,25.74
2,8/26/2020,BTPF02,sunny,07:00,Feeding,0.00,0.00,
2,8/26/2020,BTPF02,sunny,07:00,Others,0.00,0.00,
2,8/26/2020,BTPF02,sunny,07:00,Traveling,0.00,0.00,
2,8/26/2020,BTPF02,sunny,07:00,Others,0.00,0.00,
2,8/26/2020,BTPF02,sunny,07:00,Resting,0.02,1.00,
2,8/26/2020,BTPF02,sunny,08:00,Feeding,0.06,0.60,
2,8/26/2020,BTPF02,sunny,08:00,Others,0.00,0.00,
2,8/26/2020,BTPF02,sunny,08:00,Traveling,0.02,0.20,
2,8/26/2020,BTPF02,sunny,08:00,Others,0.00,0.00,
2,8/26/2020,BTPF02,sunny,08:00,Resting,0.02,0.20,
2,8/26/2020,BTPF02,cloudy,09:00,Feeding,0.02,0.20,
2,8/26/2020,BTPF02,cloudy,09:00,Others,0.00,0.00,
2,8/26/2020,BTPF02,cloudy,09:00,Traveling,0.00,0.00,
2,8/26/2020,BTPF02,cloudy,09:00,Others,0.00,0.00,
2,8/26/2020,BTPF02,cloudy,09:00,Resting,0.09,0.80,
2,8/26/2020,BTPF02,cloudy,10:00,Feeding,0.00,0.00,
2,8/26/2020,BTPF02,cloudy,10:00,Others,0.00,0.00,
2,8/26/2020,BTPF02,cloudy,10:00,Traveling,0.00,0.00,
2,8/26/2020,BTPF02,cloudy,10:00,Others,0.00,0.00,
2,8/26/2020,BTPF02,cloudy,10:00,Resting,0.11,1.00,
2,8/26/2020,BTPF02,cloudy,11:00,Feeding,0.00,0.00,
2,8/26/2020,BTPF02,cloudy,11:00,Others,0.00,0.00,
2,8/26/2020,BTPF02,cloudy,11:00,Traveling,0.00,0.00,
2,8/26/2020,BTPF02,cloudy,11:00,Others,0.00,0.00,
2,8/26/2020,BTPF02,cloudy,11:00,Resting,0.11,1.00,
2,8/26/2020,BTPF02,cloudy,13:00,Feeding,0.00,0.00,
2,8/26/2020,BTPF02,cloudy,13:00,Others,0.00,0.00,
2,8/26/2020,BTPF02,cloudy,13:00,Traveling,0.00,0.00,
2,8/26/2020,BTPF02,cloudy,13:00,Others,0.00,0.00,
2,8/26/2020,BTPF02,cloudy,13:00,Resting,0.11,1.00,
2,8/26/2020,BTPF02,cloudy,14:00,Feeding,0.00,0.00,
2,8/26/2020,BTPF02,cloudy,14:00,Others,0.00,0.00,
2,8/26/2020,BTPF02,cloudy,14:00,Traveling,0.00,0.00,
2,8/26/2020,BTPF02,cloudy,14:00,Others,0.00,0.00,
2,8/26/2020,BTPF02,cloudy,14:00,Resting,0.11,1.00,
2,8/26/2020,BTPF02,cloudy,15:00,Feeding,0.00,0.00,
2,8/26/2020,BTPF02,cloudy,15:00,Others,0.00,0.00,
2,8/26/2020,BTPF02,cloudy,15:00,Traveling,0.00,0.00,
2,8/26/2020,BTPF02,cloudy,15:00,Others,0.00,0.00,
2,8/26/2020,BTPF02,cloudy,15:00,Resting,0.11,1.00,
2,8/26/2020,BTPF02,cloudy,16:00,Feeding,0.00,0.00,
2,8/26/2020,BTPF02,cloudy,16:00,Others,0.00,0.00,
2,8/26/2020,BTPF02,cloudy,16:00,Traveling,0.00,0.00,
2,8/26/2020,BTPF02,cloudy,16:00,Others,0.00,0.00,
2,8/26/2020,BTPF02,cloudy,16:00,Resting,0.11,1.00,
3,9/11/2020,BTPF02,sunny,07:00,Feeding,0.00,0.00,26.44
3,9/11/2020,BTPF02,sunny,07:00,Others,0.00,0.00,26.44
3,9/11/2020,BTPF02,sunny,07:00,Traveling,0.00,0.00,26.44
3,9/11/2020,BTPF02,sunny,07:00,Others,0.00,0.00,26.44
3,9/11/2020,BTPF02,sunny,07:00,Resting,0.06,1.00,26.44
3,9/11/2020,BTPF02,sunny,08:00,Feeding,0.08,0.67,28.24
3,9/11/2020,BTPF02,sunny,08:00,Others,0.00,0.00,28.24
3,9/11/2020,BTPF02,sunny,08:00,Traveling,0.00,0.00,28.24
3,9/11/2020,BTPF02,sunny,08:00,Others,0.00,0.00,28.24
3,9/11/2020,BTPF02,sunny,08:00,Resting,0.04,0.33,28.24
3,9/11/2020,BTPF02,sunny,09:00,Feeding,0.00,0.00,28.79
3,9/11/2020,BTPF02,sunny,09:00,Others,0.00,0.00,28.79
3,9/11/2020,BTPF02,sunny,09:00,Traveling,0.00,0.00,28.79
3,9/11/2020,BTPF02,sunny,09:00,Others,0.00,0.00,28.79
3,9/11/2020,BTPF02,sunny,09:00,Resting,0.11,1.00,28.79
3,9/11/2020,BTPF02,sunny,10:00,Feeding,0.00,0.00,29.04
3,9/11/2020,BTPF02,sunny,10:00,Others,0.00,0.00,29.04
3,9/11/2020,BTPF02,sunny,10:00,Traveling,0.00,0.00,29.04
3,9/11/2020,BTPF02,sunny,10:00,Others,0.00,0.00,29.04
3,9/11/2020,BTPF02,sunny,10:00,Resting,0.11,1.00,29.04
3,9/11/2020,BTPF02,sunny,11:00,Feeding,0.00,0.00,29.15
3,9/11/2020,BTPF02,sunny,11:00,Others,0.00,0.00,29.15
3,9/11/2020,BTPF02,sunny,11:00,Traveling,0.00,0.00,29.15
3,9/11/2020,BTPF02,sunny,11:00,Others,0.00,0.00,29.15
3,9/11/2020,BTPF02,sunny,11:00,Resting,0.11,1.00,29.15
3,9/11/2020,BTPF02,cloudy,13:00,Feeding,0.00,0.00,28.08
3,9/11/2020,BTPF02,cloudy,13:00,Others,0.00,0.00,28.08
3,9/11/2020,BTPF02,cloudy,13:00,Traveling,0.00,0.00,28.08
3,9/11/2020,BTPF02,cloudy,13:00,Others,0.00,0.00,28.08
3,9/11/2020,BTPF02,cloudy,13:00,Resting,0.11,1.00,28.08
3,9/11/2020,BTPF02,cloudy,14:00,Feeding,0.00,0.00,28.13
3,9/11/2020,BTPF02,cloudy,14:00,Others,0.00,0.00,28.13
3,9/11/2020,BTPF02,cloudy,14:00,Traveling,0.00,0.00,28.13
3,9/11/2020,BTPF02,cloudy,14:00,Others,0.00,0.00,28.13
3,9/11/2020,BTPF02,cloudy,14:00,Resting,0.11,1.00,28.13
3,9/11/2020,BTPF02,cloudy,15:00,Feeding,0.00,0.00,28.23
3,9/11/2020,BTPF02,cloudy,15:00,Others,0.00,0.00,28.23
3,9/11/2020,BTPF02,cloudy,15:00,Traveling,0.00,0.00,28.23
3,9/11/2020,BTPF02,cloudy,15:00,Others,0.00,0.00,28.23
3,9/11/2020,BTPF02,cloudy,15:00,Resting,0.11,1.00,28.23
3,9/11/2020,BTPF02,cloudy,16:00,Feeding,0.00,0.00,25.42
3,9/11/2020,BTPF02,cloudy,16:00,Others,0.00,0.00,25.42
3,9/11/2020,BTPF02,cloudy,16:00,Traveling,0.00,0.00,25.42
3,9/11/2020,BTPF02,cloudy,16:00,Others,0.00,0.00,25.42
3,9/11/2020,BTPF02,cloudy,16:00,Resting,0.11,1.00,25.42
4,9/21/2020,BTPF02,cloudy,07:00,Feeding,0.00,0.00,25.40
4,9/21/2020,BTPF02,cloudy,07:00,Others,0.00,0.00,25.40
4,9/21/2020,BTPF02,cloudy,07:00,Traveling,0.00,0.00,25.40
4,9/21/2020,BTPF02,cloudy,07:00,Others,0.00,0.00,25.40
4,9/21/2020,BTPF02,cloudy,07:00,Resting,0.11,1.00,25.40
4,9/21/2020,BTPF02,cloudy,08:00,Feeding,0.00,0.00,26.51
4,9/21/2020,BTPF02,cloudy,08:00,Others,0.00,0.00,26.51
4,9/21/2020,BTPF02,cloudy,08:00,Traveling,0.00,0.00,26.51
4,9/21/2020,BTPF02,cloudy,08:00,Others,0.00,0.00,26.51
4,9/21/2020,BTPF02,cloudy,08:00,Resting,0.11,1.00,26.51
4,9/21/2020,BTPF02,sunny,09:00,Feeding,0.00,0.00,28.31
4,9/21/2020,BTPF02,sunny,09:00,Others,0.00,0.00,28.31
4,9/21/2020,BTPF02,sunny,09:00,Traveling,0.00,0.00,28.31
4,9/21/2020,BTPF02,sunny,09:00,Others,0.00,0.00,28.31
4,9/21/2020,BTPF02,sunny,09:00,Resting,0.11,1.00,28.31
4,9/21/2020,BTPF02,sunny,10:00,Feeding,0.00,0.00,29.59
4,9/21/2020,BTPF02,sunny,10:00,Others,0.00,0.00,29.59
4,9/21/2020,BTPF02,sunny,10:00,Traveling,0.00,0.00,29.59
4,9/21/2020,BTPF02,sunny,10:00,Others,0.00,0.00,29.59
4,9/21/2020,BTPF02,sunny,10:00,Resting,0.11,1.00,29.59
4,9/21/2020,BTPF02,sunny,11:00,Feeding,0.00,0.00,29.67
4,9/21/2020,BTPF02,sunny,11:00,Others,0.00,0.00,29.67
4,9/21/2020,BTPF02,sunny,11:00,Traveling,0.00,0.00,29.67
4,9/21/2020,BTPF02,sunny,11:00,Others,0.00,0.00,29.67
4,9/21/2020,BTPF02,sunny,11:00,Resting,0.11,1.00,29.67
4,9/21/2020,BTPF02,cloudy,13:00,Feeding,0.06,0.50,27.16
4,9/21/2020,BTPF02,cloudy,13:00,Others,0.00,0.00,27.16
4,9/21/2020,BTPF02,cloudy,13:00,Traveling,0.00,0.00,27.16
4,9/21/2020,BTPF02,cloudy,13:00,Others,0.00,0.00,27.16
4,9/21/2020,BTPF02,cloudy,13:00,Resting,0.06,0.50,27.16
4,9/21/2020,BTPF02,cloudy,14:00,Feeding,0.09,0.83,26.55
4,9/21/2020,BTPF02,cloudy,14:00,Others,0.00,0.00,26.55
4,9/21/2020,BTPF02,cloudy,14:00,Traveling,0.00,0.00,26.55
4,9/21/2020,BTPF02,cloudy,14:00,Others,0.00,0.00,26.55
4,9/21/2020,BTPF02,cloudy,14:00,Resting,0.02,0.17,26.55
4,9/21/2020,BTPF02,cloudy,15:00,Feeding,0.04,0.33,25.84
4,9/21/2020,BTPF02,cloudy,15:00,Others,0.00,0.00,25.84
4,9/21/2020,BTPF02,cloudy,15:00,Traveling,0.00,0.00,25.84
4,9/21/2020,BTPF02,cloudy,15:00,Others,0.00,0.00,25.84
4,9/21/2020,BTPF02,cloudy,15:00,Resting,0.07,0.67,25.84
4,9/21/2020,BTPF02,cloudy,16:00,Feeding,0.00,0.00,24.01
4,9/21/2020,BTPF02,cloudy,16:00,Others,0.00,0.00,24.01
4,9/21/2020,BTPF02,cloudy,16:00,Traveling,0.00,0.00,24.01
4,9/21/2020,BTPF02,cloudy,16:00,Others,0.00,0.00,24.01
4,9/21/2020,BTPF02,cloudy,16:00,Resting,0.11,1.00,24.01
5,9/30/2020,BTPF02,cloudy,07:00,Feeding,0.00,0.00,
5,9/30/2020,BTPF02,cloudy,07:00,Others,0.00,0.00,
5,9/30/2020,BTPF02,cloudy,07:00,Traveling,0.00,0.00,
5,9/30/2020,BTPF02,cloudy,07:00,Others,0.00,0.00,
5,9/30/2020,BTPF02,cloudy,07:00,Resting,0.04,1.00,
5,9/30/2020,BTPF02,sunny,08:00,Feeding,0.00,0.00,
5,9/30/2020,BTPF02,sunny,08:00,Others,0.00,0.00,
5,9/30/2020,BTPF02,sunny,08:00,Traveling,0.00,0.00,
5,9/30/2020,BTPF02,sunny,08:00,Others,0.00,0.00,
5,9/30/2020,BTPF02,sunny,08:00,Resting,0.11,1.00,
5,9/30/2020,BTPF02,sunny,09:00,Feeding,0.04,0.33,
5,9/30/2020,BTPF02,sunny,09:00,Others,0.00,0.00,
5,9/30/2020,BTPF02,sunny,09:00,Traveling,0.00,0.00,
5,9/30/2020,BTPF02,sunny,09:00,Others,0.00,0.00,
5,9/30/2020,BTPF02,sunny,09:00,Resting,0.08,0.67,
5,9/30/2020,BTPF02,sunny,10:00,Feeding,0.04,0.33,
5,9/30/2020,BTPF02,sunny,10:00,Others,0.00,0.00,
5,9/30/2020,BTPF02,sunny,10:00,Traveling,0.00,0.00,
5,9/30/2020,BTPF02,sunny,10:00,Others,0.00,0.00,
5,9/30/2020,BTPF02,sunny,10:00,Resting,0.08,0.67,
5,9/30/2020,BTPF02,sunny,11:00,Feeding,0.00,0.00,
5,9/30/2020,BTPF02,sunny,11:00,Others,0.00,0.00,
5,9/30/2020,BTPF02,sunny,11:00,Traveling,0.00,0.00,
5,9/30/2020,BTPF02,sunny,11:00,Others,0.00,0.00,
5,9/30/2020,BTPF02,sunny,11:00,Resting,0.11,1.00,
5,9/30/2020,BTPF02,sunny,13:00,Feeding,0.00,0.00,
5,9/30/2020,BTPF02,sunny,13:00,Others,0.00,0.00,
5,9/30/2020,BTPF02,sunny,13:00,Traveling,0.00,0.00,
5,9/30/2020,BTPF02,sunny,13:00,Others,0.00,0.00,
5,9/30/2020,BTPF02,sunny,13:00,Resting,0.11,1.00,
5,9/30/2020,BTPF02,sunny,14:00,Feeding,0.00,0.00,
5,9/30/2020,BTPF02,sunny,14:00,Others,0.00,0.00,
5,9/30/2020,BTPF02,sunny,14:00,Traveling,0.00,0.00,
5,9/30/2020,BTPF02,sunny,14:00,Others,0.00,0.00,
5,9/30/2020,BTPF02,sunny,14:00,Resting,0.11,1.00,
5,9/30/2020,BTPF02,sunny,15:00,Feeding,0.00,0.00,
5,9/30/2020,BTPF02,sunny,15:00,Others,0.00,0.00,
5,9/30/2020,BTPF02,sunny,15:00,Traveling,0.00,0.00,
5,9/30/2020,BTPF02,sunny,15:00,Others,0.00,0.00,
5,9/30/2020,BTPF02,sunny,15:00,Resting,0.11,1.00,
5,9/30/2020,BTPF02,sunny,16:00,Feeding,0.00,0.00,
5,9/30/2020,BTPF02,sunny,16:00,Others,0.00,0.00,
5,9/30/2020,BTPF02,sunny,16:00,Traveling,0.00,0.00,
5,9/30/2020,BTPF02,sunny,16:00,Others,0.00,0.00,
5,9/30/2020,BTPF02,sunny,16:00,Resting,0.11,1.00,
1,8/17/2020,BTPF03,cloudy,07:00,Feeding,0.11,1.00,25.56
1,8/17/2020,BTPF03,cloudy,07:00,Others,0.00,0.00,25.56
1,8/17/2020,BTPF03,cloudy,07:00,Traveling,0.00,0.00,25.56
1,8/17/2020,BTPF03,cloudy,07:00,Others,0.00,0.00,25.56
1,8/17/2020,BTPF03,cloudy,07:00,Resting,0.00,0.00,25.56
1,8/17/2020,BTPF03,cloudy,08:00,Feeding,0.04,0.33,24.24
1,8/17/2020,BTPF03,cloudy,08:00,Others,0.00,0.00,24.24
1,8/17/2020,BTPF03,cloudy,08:00,Traveling,0.00,0.00,24.24
1,8/17/2020,BTPF03,cloudy,08:00,Others,0.00,0.00,24.24
1,8/17/2020,BTPF03,cloudy,08:00,Resting,0.07,0.67,24.24
1,8/17/2020,BTPF03,cloudy,09:00,Feeding,0.06,0.50,27.47
1,8/17/2020,BTPF03,cloudy,09:00,Others,0.00,0.00,27.47
1,8/17/2020,BTPF03,cloudy,09:00,Traveling,0.00,0.00,27.47
1,8/17/2020,BTPF03,cloudy,09:00,Others,0.00,0.00,27.47
1,8/17/2020,BTPF03,cloudy,09:00,Resting,0.06,0.50,27.47
1,8/17/2020,BTPF03,sunny,10:00,Feeding,0.09,0.83,28.64
1,8/17/2020,BTPF03,sunny,10:00,Others,0.00,0.00,28.64
1,8/17/2020,BTPF03,sunny,10:00,Traveling,0.02,0.17,28.64
1,8/17/2020,BTPF03,sunny,10:00,Others,0.00,0.00,28.64
1,8/17/2020,BTPF03,sunny,10:00,Resting,0.00,0.00,28.64
1,8/17/2020,BTPF03,sunny,11:00,Feeding,0.11,1.00,28.64
1,8/17/2020,BTPF03,sunny,11:00,Others,0.00,0.00,28.64
1,8/17/2020,BTPF03,sunny,11:00,Traveling,0.00,0.00,28.64
1,8/17/2020,BTPF03,sunny,11:00,Others,0.00,0.00,28.64
1,8/17/2020,BTPF03,sunny,11:00,Resting,0.00,0.00,28.64
1,8/17/2020,BTPF03,sunny,13:00,Feeding,0.11,1.00,27.71
1,8/17/2020,BTPF03,sunny,13:00,Others,0.00,0.00,27.71
1,8/17/2020,BTPF03,sunny,13:00,Traveling,0.00,0.00,27.71
1,8/17/2020,BTPF03,sunny,13:00,Others,0.00,0.00,27.71
1,8/17/2020,BTPF03,sunny,13:00,Resting,0.00,0.00,27.71
1,8/17/2020,BTPF03,sunny,14:00,Feeding,0.11,1.00,27.57
1,8/17/2020,BTPF03,sunny,14:00,Others,0.00,0.00,27.57
1,8/17/2020,BTPF03,sunny,14:00,Traveling,0.00,0.00,27.57
1,8/17/2020,BTPF03,sunny,14:00,Others,0.00,0.00,27.57
1,8/17/2020,BTPF03,sunny,14:00,Resting,0.00,0.00,27.57
1,8/17/2020,BTPF03,sunny,15:00,Feeding,0.11,1.00,26.73
1,8/17/2020,BTPF03,sunny,15:00,Others,0.00,0.00,26.73
1,8/17/2020,BTPF03,sunny,15:00,Traveling,0.00,0.00,26.73
1,8/17/2020,BTPF03,sunny,15:00,Others,0.00,0.00,26.73
1,8/17/2020,BTPF03,sunny,15:00,Resting,0.00,0.00,26.73
1,8/17/2020,BTPF03,sunny,16:00,Feeding,0.11,1.00,25.48
1,8/17/2020,BTPF03,sunny,16:00,Others,0.00,0.00,25.48
1,8/17/2020,BTPF03,sunny,16:00,Traveling,0.00,0.00,25.48
1,8/17/2020,BTPF03,sunny,16:00,Others,0.00,0.00,25.48
1,8/17/2020,BTPF03,sunny,16:00,Resting,0.00,0.00,25.48
2,8/25/2020,BTPF03,cloudy,07:00,Feeding,0.08,0.67,
2,8/25/2020,BTPF03,cloudy,07:00,Others,0.00,0.00,
2,8/25/2020,BTPF03,cloudy,07:00,Traveling,0.02,0.17,
2,8/25/2020,BTPF03,cloudy,07:00,Others,0.00,0.00,
2,8/25/2020,BTPF03,cloudy,07:00,Resting,0.02,0.17,
2,8/25/2020,BTPF03,cloudy,08:00,Feeding,0.06,0.50,
2,8/25/2020,BTPF03,cloudy,08:00,Others,0.00,0.00,
2,8/25/2020,BTPF03,cloudy,08:00,Traveling,0.06,0.50,
2,8/25/2020,BTPF03,cloudy,08:00,Others,0.00,0.00,
2,8/25/2020,BTPF03,cloudy,08:00,Resting,0.00,0.00,
2,8/25/2020,BTPF03,cloudy,09:00,Feeding,0.00,0.00,
2,8/25/2020,BTPF03,cloudy,09:00,Others,0.00,0.00,
2,8/25/2020,BTPF03,cloudy,09:00,Traveling,0.02,0.20,
2,8/25/2020,BTPF03,cloudy,09:00,Others,0.00,0.00,
2,8/25/2020,BTPF03,cloudy,09:00,Resting,0.10,0.83,
2,8/25/2020,BTPF03,cloudy,10:00,Feeding,0.00,0.00,
2,8/25/2020,BTPF03,cloudy,10:00,Others,0.00,0.00,
2,8/25/2020,BTPF03,cloudy,10:00,Traveling,0.00,0.00,
2,8/25/2020,BTPF03,cloudy,10:00,Others,0.00,0.00,
2,8/25/2020,BTPF03,cloudy,10:00,Resting,0.11,1.00,
2,8/25/2020,BTPF03,cloudy,11:00,Feeding,0.00,0.00,
2,8/25/2020,BTPF03,cloudy,11:00,Others,0.00,0.00,
2,8/25/2020,BTPF03,cloudy,11:00,Traveling,0.00,0.00,
2,8/25/2020,BTPF03,cloudy,11:00,Others,0.00,0.00,
2,8/25/2020,BTPF03,cloudy,11:00,Resting,0.11,1.00,
2,8/25/2020,BTPF03,cloudy,13:00,Feeding,0.00,0.00,
2,8/25/2020,BTPF03,cloudy,13:00,Others,0.00,0.00,
2,8/25/2020,BTPF03,cloudy,13:00,Traveling,0.04,0.33,
2,8/25/2020,BTPF03,cloudy,13:00,Others,0.00,0.00,
2,8/25/2020,BTPF03,cloudy,13:00,Resting,0.08,0.67,
2,8/25/2020,BTPF03,cloudy,14:00,Feeding,0.00,0.00,
2,8/25/2020,BTPF03,cloudy,14:00,Others,0.00,0.00,
2,8/25/2020,BTPF03,cloudy,14:00,Traveling,0.02,1.00,
2,8/25/2020,BTPF03,cloudy,14:00,Others,0.00,0.00,
2,8/25/2020,BTPF03,cloudy,14:00,Resting,0.00,0.00,
2,8/25/2020,BTPF03,cloudy,15:00,Feeding,0.04,0.33,
2,8/25/2020,BTPF03,cloudy,15:00,Others,0.00,0.00,
2,8/25/2020,BTPF03,cloudy,15:00,Traveling,0.00,0.00,
2,8/25/2020,BTPF03,cloudy,15:00,Others,0.00,0.00,
2,8/25/2020,BTPF03,cloudy,15:00,Resting,0.04,0.33,
2,8/25/2020,BTPF03,cloudy,16:00,Feeding,0.00,0.00,
2,8/25/2020,BTPF03,cloudy,16:00,Others,0.00,0.00,
2,8/25/2020,BTPF03,cloudy,16:00,Traveling,0.00,0.00,
2,8/25/2020,BTPF03,cloudy,16:00,Others,0.00,0.00,
2,8/25/2020,BTPF03,cloudy,16:00,Resting,0.11,1.00,
3,9/3/2020,BTPF03,sunny,07:00,Feeding,0.00,0.00,25.27
3,9/3/2020,BTPF03,sunny,07:00,Others,0.00,0.00,25.27
3,9/3/2020,BTPF03,sunny,07:00,Traveling,0.00,0.00,25.27
3,9/3/2020,BTPF03,sunny,07:00,Others,0.00,0.00,25.27
3,9/3/2020,BTPF03,sunny,07:00,Resting,0.11,1.00,25.27
3,9/3/2020,BTPF03,sunny,08:00,Feeding,0.00,0.00,26.90
3,9/3/2020,BTPF03,sunny,08:00,Others,0.00,0.00,26.90
3,9/3/2020,BTPF03,sunny,08:00,Traveling,0.00,0.00,26.90
3,9/3/2020,BTPF03,sunny,08:00,Others,0.00,0.00,26.90
3,9/3/2020,BTPF03,sunny,08:00,Resting,0.11,1.00,26.90
3,9/3/2020,BTPF03,sunny,09:00,Feeding,0.04,0.33,27.42
3,9/3/2020,BTPF03,sunny,09:00,Others,0.02,0.17,27.42
3,9/3/2020,BTPF03,sunny,09:00,Traveling,0.00,0.00,27.42
3,9/3/2020,BTPF03,sunny,09:00,Others,0.00,0.00,27.42
3,9/3/2020,BTPF03,sunny,09:00,Resting,0.06,0.50,27.42
3,9/3/2020,BTPF03,sunny,10:00,Feeding,0.11,1.00,27.68
3,9/3/2020,BTPF03,sunny,10:00,Others,0.00,0.00,27.68
3,9/3/2020,BTPF03,sunny,10:00,Traveling,0.00,0.00,27.68
3,9/3/2020,BTPF03,sunny,10:00,Others,0.00,0.00,27.68
3,9/3/2020,BTPF03,sunny,10:00,Resting,0.00,0.00,27.68
3,9/3/2020,BTPF03,sunny,11:00,Feeding,0.00,0.00,28.01
3,9/3/2020,BTPF03,sunny,11:00,Others,0.00,0.00,28.01
3,9/3/2020,BTPF03,sunny,11:00,Traveling,0.00,0.00,28.01
3,9/3/2020,BTPF03,sunny,11:00,Others,0.00,0.00,28.01
3,9/3/2020,BTPF03,sunny,11:00,Resting,0.11,1.00,28.01
3,9/3/2020,BTPF03,sunny,13:00,Feeding,0.04,0.33,27.42
3,9/3/2020,BTPF03,sunny,13:00,Others,0.02,0.17,27.42
3,9/3/2020,BTPF03,sunny,13:00,Traveling,0.00,0.00,27.42
3,9/3/2020,BTPF03,sunny,13:00,Others,0.00,0.00,27.42
3,9/3/2020,BTPF03,sunny,13:00,Resting,0.06,0.50,27.42
3,9/3/2020,BTPF03,sunny,14:00,Feeding,0.00,0.00,27.41
3,9/3/2020,BTPF03,sunny,14:00,Others,0.00,0.00,27.41
3,9/3/2020,BTPF03,sunny,14:00,Traveling,0.00,0.00,27.41
3,9/3/2020,BTPF03,sunny,14:00,Others,0.00,0.00,27.41
3,9/3/2020,BTPF03,sunny,14:00,Resting,0.11,1.00,27.41
3,9/3/2020,BTPF03,sunny,15:00,Feeding,0.09,0.83,26.45
3,9/3/2020,BTPF03,sunny,15:00,Others,0.00,0.00,26.45
3,9/3/2020,BTPF03,sunny,15:00,Traveling,0.02,0.17,26.45
3,9/3/2020,BTPF03,sunny,15:00,Others,0.00,0.00,26.45
3,9/3/2020,BTPF03,sunny,15:00,Resting,0.00,0.00,26.45
3,9/3/2020,BTPF03,sunny,16:00,Feeding,0.11,1.00,25.71
3,9/3/2020,BTPF03,sunny,16:00,Others,0.00,0.00,25.71
3,9/3/2020,BTPF03,sunny,16:00,Traveling,0.00,0.00,25.71
3,9/3/2020,BTPF03,sunny,16:00,Others,0.00,0.00,25.71
3,9/3/2020,BTPF03,sunny,16:00,Resting,0.00,0.00,25.71
4,9/18/2020,BTPF03,sunny,07:00,Feeding,0.13,0.67,23.52
4,9/18/2020,BTPF03,sunny,07:00,Others,0.00,0.00,23.52
4,9/18/2020,BTPF03,sunny,07:00,Traveling,0.00,0.00,23.52
4,9/18/2020,BTPF03,sunny,07:00,Others,0.00,0.00,23.52
4,9/18/2020,BTPF03,sunny,07:00,Resting,0.07,0.33,23.52
4,9/18/2020,BTPF03,sunny,08:00,Feeding,0.03,0.17,26.77
4,9/18/2020,BTPF03,sunny,08:00,Others,0.00,0.00,26.77
4,9/18/2020,BTPF03,sunny,08:00,Traveling,0.03,0.17,26.77
4,9/18/2020,BTPF03,sunny,08:00,Others,0.00,0.00,26.77
4,9/18/2020,BTPF03,sunny,08:00,Resting,0.13,0.67,26.77
4,9/18/2020,BTPF03,sunny,09:00,Feeding,0.17,0.83,28.36
4,9/18/2020,BTPF03,sunny,09:00,Others,0.00,0.00,28.36
4,9/18/2020,BTPF03,sunny,09:00,Traveling,0.00,0.00,28.36
4,9/18/2020,BTPF03,sunny,09:00,Others,0.00,0.00,28.36
4,9/18/2020,BTPF03,sunny,09:00,Resting,0.03,0.17,28.36
4,9/18/2020,BTPF03,sunny,10:00,Feeding,0.00,0.00,28.90
4,9/18/2020,BTPF03,sunny,10:00,Others,0.00,0.00,28.90
4,9/18/2020,BTPF03,sunny,10:00,Traveling,0.00,0.00,28.90
4,9/18/2020,BTPF03,sunny,10:00,Others,0.00,0.00,28.90
4,9/18/2020,BTPF03,sunny,10:00,Resting,0.20,1.00,28.90
4,9/18/2020,BTPF03,sunny,11:00,Feeding,0.00,0.00,27.26
4,9/18/2020,BTPF03,sunny,11:00,Others,0.00,0.00,27.26
4,9/18/2020,BTPF03,sunny,11:00,Traveling,0.00,0.00,27.26
4,9/18/2020,BTPF03,sunny,11:00,Others,0.00,0.00,27.26
4,9/18/2020,BTPF03,sunny,11:00,Resting,0.20,1.00,27.26
4,9/18/2020,BTPF03,sunny,13:00,Feeding,,,28.80
4,9/18/2020,BTPF03,sunny,13:00,Others,,,28.80
4,9/18/2020,BTPF03,sunny,13:00,Traveling,,,28.80
4,9/18/2020,BTPF03,sunny,13:00,Others,,,28.80
4,9/18/2020,BTPF03,sunny,13:00,Resting,,,28.80
4,9/18/2020,BTPF03,sunny,14:00,Feeding,,,31.68
4,9/18/2020,BTPF03,sunny,14:00,Others,,,31.68
4,9/18/2020,BTPF03,sunny,14:00,Traveling,,,31.68
4,9/18/2020,BTPF03,sunny,14:00,Others,,,31.68
4,9/18/2020,BTPF03,sunny,14:00,Resting,,,31.68
4,9/18/2020,BTPF03,sunny,15:00,Feeding,,,31.37
4,9/18/2020,BTPF03,sunny,15:00,Others,,,31.37
4,9/18/2020,BTPF03,sunny,15:00,Traveling,,,31.37
4,9/18/2020,BTPF03,sunny,15:00,Others,,,31.37
4,9/18/2020,BTPF03,sunny,15:00,Resting,,,31.37
4,9/18/2020,BTPF03,sunny,16:00,Feeding,,,26.22
4,9/18/2020,BTPF03,sunny,16:00,Others,,,26.22
4,9/18/2020,BTPF03,sunny,16:00,Traveling,,,26.22
4,9/18/2020,BTPF03,sunny,16:00,Others,,,26.22
4,9/18/2020,BTPF03,sunny,16:00,Resting,,,26.22
5,9/28/2020,BTPF03,sunny,07:00,Feeding,0.11,1.00,
5,9/28/2020,BTPF03,sunny,07:00,Others,0.00,0.00,
5,9/28/2020,BTPF03,sunny,07:00,Traveling,0.00,0.00,
5,9/28/2020,BTPF03,sunny,07:00,Others,0.00,0.00,
5,9/28/2020,BTPF03,sunny,07:00,Resting,0.00,0.00,
5,9/28/2020,BTPF03,sunny,08:00,Feeding,0.04,0.33,
5,9/28/2020,BTPF03,sunny,08:00,Others,0.00,0.00,
5,9/28/2020,BTPF03,sunny,08:00,Traveling,0.00,0.00,
5,9/28/2020,BTPF03,sunny,08:00,Others,0.00,0.00,
5,9/28/2020,BTPF03,sunny,08:00,Resting,0.13,0.67,
5,9/28/2020,BTPF03,sunny,09:00,Feeding,0.00,0.00,
5,9/28/2020,BTPF03,sunny,09:00,Others,0.00,0.00,
5,9/28/2020,BTPF03,sunny,09:00,Traveling,0.00,0.00,
5,9/28/2020,BTPF03,sunny,09:00,Others,0.00,0.00,
5,9/28/2020,BTPF03,sunny,09:00,Resting,0.11,1.00,
5,9/28/2020,BTPF03,sunny,10:00,Feeding,0.00,0.00,
5,9/28/2020,BTPF03,sunny,10:00,Others,0.00,0.00,
5,9/28/2020,BTPF03,sunny,10:00,Traveling,0.00,0.00,
5,9/28/2020,BTPF03,sunny,10:00,Others,0.00,0.00,
5,9/28/2020,BTPF03,sunny,10:00,Resting,0.11,1.00,
5,9/28/2020,BTPF03,sunny,11:00,Feeding,0.00,0.00,
5,9/28/2020,BTPF03,sunny,11:00,Others,0.00,0.00,
5,9/28/2020,BTPF03,sunny,11:00,Traveling,0.00,0.00,
5,9/28/2020,BTPF03,sunny,11:00,Others,0.00,0.00,
5,9/28/2020,BTPF03,sunny,11:00,Resting,0.11,1.00,
5,9/28/2020,BTPF03,sunny,13:00,Feeding,0.04,0.33,
5,9/28/2020,BTPF03,sunny,13:00,Others,0.00,0.00,
5,9/28/2020,BTPF03,sunny,13:00,Traveling,0.00,0.00,
5,9/28/2020,BTPF03,sunny,13:00,Others,0.00,0.00,
5,9/28/2020,BTPF03,sunny,13:00,Resting,0.08,0.67,
5,9/28/2020,BTPF03,sunny,14:00,Feeding,0.00,0.00,
5,9/28/2020,BTPF03,sunny,14:00,Others,0.00,0.00,
5,9/28/2020,BTPF03,sunny,14:00,Traveling,0.00,0.00,
5,9/28/2020,BTPF03,sunny,14:00,Others,0.00,0.00,
5,9/28/2020,BTPF03,sunny,14:00,Resting,0.11,1.00,
5,9/28/2020,BTPF03,sunny,15:00,Feeding,0.00,0.00,
5,9/28/2020,BTPF03,sunny,15:00,Others,0.00,0.00,
5,9/28/2020,BTPF03,sunny,15:00,Traveling,0.02,0.20,
5,9/28/2020,BTPF03,sunny,15:00,Others,0.00,0.00,
5,9/28/2020,BTPF03,sunny,15:00,Resting,0.08,0.80,
5,9/28/2020,BTPF03,sunny,16:00,Feeding,0.08,0.67,
5,9/28/2020,BTPF03,sunny,16:00,Others,0.00,0.00,
5,9/28/2020,BTPF03,sunny,16:00,Traveling,0.04,0.33,
5,9/28/2020,BTPF03,sunny,16:00,Others,0.00,0.00,
5,9/28/2020,BTPF03,sunny,16:00,Resting,0.00,0.00,
1,8/14/2020,BTPF04,sunny,07:00,Feeding,0.00,0.00,25.21
1,8/14/2020,BTPF04,sunny,07:00,Others,0.00,0.00,25.21
1,8/14/2020,BTPF04,sunny,07:00,Traveling,0.00,0.00,25.21
1,8/14/2020,BTPF04,sunny,07:00,Others,0.00,0.00,25.21
1,8/14/2020,BTPF04,sunny,07:00,Resting,0.11,1.00,25.21
1,8/14/2020,BTPF04,sunny,08:00,Feeding,0.00,0.00,27.14
1,8/14/2020,BTPF04,sunny,08:00,Others,0.00,0.00,27.14
1,8/14/2020,BTPF04,sunny,08:00,Traveling,0.00,0.00,27.14
1,8/14/2020,BTPF04,sunny,08:00,Others,0.00,0.00,27.14
1,8/14/2020,BTPF04,sunny,08:00,Resting,0.11,1.00,27.14
1,8/14/2020,BTPF04,sunny,09:00,Feeding,0.11,1.00,27.37
1,8/14/2020,BTPF04,sunny,09:00,Others,0.00,0.00,27.37
1,8/14/2020,BTPF04,sunny,09:00,Traveling,0.00,0.00,27.37
1,8/14/2020,BTPF04,sunny,09:00,Others,0.00,0.00,27.37
1,8/14/2020,BTPF04,sunny,09:00,Resting,0.00,0.00,27.37
1,8/14/2020,BTPF04,sunny,10:00,Feeding,0.06,0.50,27.83
1,8/14/2020,BTPF04,sunny,10:00,Others,0.00,0.00,27.83
1,8/14/2020,BTPF04,sunny,10:00,Traveling,0.00,0.00,27.83
1,8/14/2020,BTPF04,sunny,10:00,Others,0.00,0.00,27.83
1,8/14/2020,BTPF04,sunny,10:00,Resting,0.06,0.50,27.83
1,8/14/2020,BTPF04,sunny,11:00,Feeding,0.00,0.00,28.06
1,8/14/2020,BTPF04,sunny,11:00,Others,0.00,0.00,28.06
1,8/14/2020,BTPF04,sunny,11:00,Traveling,0.00,0.00,28.06
1,8/14/2020,BTPF04,sunny,11:00,Others,0.00,0.00,28.06
1,8/14/2020,BTPF04,sunny,11:00,Resting,0.11,1.00,28.06
1,8/14/2020,BTPF04,sunny,13:00,Feeding,0.02,0.17,27.42
1,8/14/2020,BTPF04,sunny,13:00,Others,0.00,0.00,27.42
1,8/14/2020,BTPF04,sunny,13:00,Traveling,0.00,0.00,27.42
1,8/14/2020,BTPF04,sunny,13:00,Others,0.00,0.00,27.42
1,8/14/2020,BTPF04,sunny,13:00,Resting,0.09,0.83,27.42
1,8/14/2020,BTPF04,sunny,14:00,Feeding,0.04,0.33,27.24
1,8/14/2020,BTPF04,sunny,14:00,Others,0.02,0.17,27.24
1,8/14/2020,BTPF04,sunny,14:00,Traveling,0.02,0.17,27.24
1,8/14/2020,BTPF04,sunny,14:00,Others,0.00,0.00,27.24
1,8/14/2020,BTPF04,sunny,14:00,Resting,0.04,0.33,27.24
1,8/14/2020,BTPF04,sunny,15:00,Feeding,0.07,0.67,26.70
1,8/27/2020,BTPF04,sunny,15:00,Others,0.00,0.00,26.70
1,8/27/2020,BTPF04,sunny,15:00,Traveling,0.04,0.33,26.70
1,8/27/2020,BTPF04,sunny,15:00,Others,0.00,0.00,26.70
1,8/27/2020,BTPF04,sunny,15:00,Resting,0.00,0.00,26.70
1,8/27/2020,BTPF04,sunny,16:00,Feeding,0.04,0.33,25.42
1,8/27/2020,BTPF04,sunny,16:00,Others,0.00,0.00,25.42
1,8/27/2020,BTPF04,sunny,16:00,Traveling,0.00,0.00,25.42
1,8/27/2020,BTPF04,sunny,16:00,Others,0.00,0.00,25.42
1,8/27/2020,BTPF04,sunny,16:00,Resting,0.07,0.67,25.42
2,8/27/2020,BTPF04,sunny,07:00,Feeding,0.00,0.00,
2,8/27/2020,BTPF04,sunny,07:00,Others,0.00,,
2,8/27/2020,BTPF04,sunny,07:00,Traveling,0.02,0.17,
2,8/27/2020,BTPF04,sunny,07:00,Others,0.00,0.00,
2,8/27/2020,BTPF04,sunny,07:00,Resting,0.09,0.83,
2,8/27/2020,BTPF04,sunny,08:00,Feeding,0.00,0.00,
2,8/27/2020,BTPF04,sunny,08:00,Others,0.00,0.00,
2,8/27/2020,BTPF04,sunny,08:00,Traveling,0.02,0.17,
2,8/27/2020,BTPF04,sunny,08:00,Others,0.00,0.00,
2,8/27/2020,BTPF04,sunny,08:00,Resting,0.09,0.83,
2,8/27/2020,BTPF04,cloudy,09:00,Feeding,0.00,0.00,
2,8/27/2020,BTPF04,cloudy,09:00,Others,0.00,0.00,
2,8/27/2020,BTPF04,cloudy,09:00,Traveling,0.00,0.00,
2,8/27/2020,BTPF04,cloudy,09:00,Others,0.00,0.00,
2,8/27/2020,BTPF04,cloudy,09:00,Resting,0.11,1.00,
2,8/27/2020,BTPF04,cloudy,10:00,Feeding,0.00,0.00,
2,8/27/2020,BTPF04,cloudy,10:00,Others,0.02,0.17,
2,8/27/2020,BTPF04,cloudy,10:00,Traveling,0.04,0.33,
2,8/27/2020,BTPF04,cloudy,10:00,Others,0.00,0.00,
2,8/27/2020,BTPF04,cloudy,10:00,Resting,0.06,0.50,
2,8/27/2020,BTPF04,cloudy,11:00,Feeding,0.00,0.00,
2,8/27/2020,BTPF04,cloudy,11:00,Others,0.00,0.00,
2,8/27/2020,BTPF04,cloudy,11:00,Traveling,0.04,0.33,
2,8/27/2020,BTPF04,cloudy,11:00,Others,0.00,0.00,
2,8/27/2020,BTPF04,cloudy,11:00,Resting,0.07,0.67,
2,8/27/2020,BTPF04,cloudy,13:00,Feeding,0.00,0.00,
2,8/27/2020,BTPF04,cloudy,13:00,Others,0.00,0.00,
2,8/27/2020,BTPF04,cloudy,13:00,Traveling,0.00,0.00,
2,8/27/2020,BTPF04,cloudy,13:00,Others,0.00,0.00,
2,8/27/2020,BTPF04,cloudy,13:00,Resting,0.11,1.00,
2,8/27/2020,BTPF04,cloudy,14:00,Feeding,0.00,0.00,
2,8/27/2020,BTPF04,cloudy,14:00,Others,0.00,0.00,
2,8/27/2020,BTPF04,cloudy,14:00,Traveling,0.00,0.00,
2,8/27/2020,BTPF04,cloudy,14:00,Others,0.00,0.00,
2,8/27/2020,BTPF04,sunny,14:00,Resting,0.11,1.00,
2,8/27/2020,BTPF04,sunny,15:00,Feeding,0.00,0.00,
2,8/27/2020,BTPF04,sunny,15:00,Others,0.00,0.00,
2,8/27/2020,BTPF04,cloudy,15:00,Traveling,0.00,0.00,
2,8/27/2020,BTPF04,cloudy,15:00,Others,0.00,0.00,
2,8/27/2020,BTPF04,cloudy,15:00,Resting,0.11,1.00,
2,8/27/2020,BTPF04,cloudy,16:00,Feeding,0.07,0.67,
2,8/27/2020,BTPF04,cloudy,16:00,Others,0.00,0.00,
2,8/27/2020,BTPF04,cloudy,16:00,Traveling,0.00,0.00,
2,8/27/2020,BTPF04,cloudy,16:00,Others,0.00,0.00,
2,8/27/2020,BTPF04,cloudy,16:00,Resting,0.04,0.33,
3,9/9/2020,BTPF04,cloudy,07:00,Feeding,0.02,0.17,23.94
3,9/9/2020,BTPF04,cloudy,07:00,Others,0.00,0.00,23.94
3,9/9/2020,BTPF04,cloudy,07:00,Traveling,0.00,0.00,23.94
3,9/9/2020,BTPF04,cloudy,07:00,Others,0.00,0.00,23.94
3,9/9/2020,BTPF04,cloudy,07:00,Resting,0.09,0.83,23.94
3,9/9/2020,BTPF04,cloudy,08:00,Feeding,0.00,0.00,25.50
3,9/9/2020,BTPF04,cloudy,08:00,Others,0.00,0.00,25.50
3,9/9/2020,BTPF04,cloudy,08:00,Traveling,0.00,0.00,25.50
3,9/9/2020,BTPF04,cloudy,08:00,Others,0.00,0.00,25.50
3,9/9/2020,BTPF04,cloudy,08:00,Resting,0.11,1.00,25.50
3,9/9/2020,BTPF04,cloudy,09:00,Feeding,0.04,0.33,24.47
3,9/9/2020,BTPF04,cloudy,09:00,Others,0.00,0.00,24.47
3,9/9/2020,BTPF04,cloudy,09:00,Traveling,0.00,0.00,24.47
3,9/9/2020,BTPF04,cloudy,09:00,Others,0.00,0.00,24.47
3,9/9/2020,BTPF04,cloudy,09:00,Resting,0.07,0.67,24.47
3,9/9/2020,BTPF04,sunny,10:00,Feeding,0.00,0.00,27.01
3,9/9/2020,BTPF04,sunny,10:00,Others,0.00,0.00,27.01
3,9/9/2020,BTPF04,sunny,10:00,Traveling,0.00,0.00,27.01
3,9/9/2020,BTPF04,sunny,10:00,Others,0.00,0.00,27.01
3,9/9/2020,BTPF04,sunny,10:00,Resting,0.11,1.00,27.01
3,9/9/2020,BTPF04,sunny,11:00,Feeding,0.06,0.50,27.16
3,9/9/2020,BTPF04,sunny,11:00,Others,0.00,0.00,27.16
3,9/9/2020,BTPF04,sunny,11:00,Traveling,0.00,0.00,27.16
3,9/9/2020,BTPF04,sunny,11:00,Others,0.00,0.00,27.16
3,9/9/2020,BTPF04,sunny,11:00,Resting,0.06,0.50,27.16
3,9/9/2020,BTPF04,sunny,13:00,Feeding,0.00,0.00,27.91
3,9/9/2020,BTPF04,sunny,13:00,Others,0.00,0.00,27.91
3,9/9/2020,BTPF04,sunny,13:00,Traveling,0.00,0.00,27.91
3,9/9/2020,BTPF04,sunny,13:00,Others,0.00,0.00,27.91
3,9/9/2020,BTPF04,sunny,13:00,Resting,0.11,1.00,27.91
3,9/9/2020,BTPF04,sunny,14:00,Feeding,0.11,1.00,27.83
3,9/9/2020,BTPF04,sunny,14:00,Others,0.00,0.00,27.83
3,9/9/2020,BTPF04,sunny,14:00,Traveling,0.00,0.00,27.83
3,9/9/2020,BTPF04,sunny,14:00,Others,0.00,0.00,27.83
3,9/9/2020,BTPF04,sunny,14:00,Resting,0.00,0.00,27.83
3,9/9/2020,BTPF04,cloudy,15:00,Feeding,0.02,0.17,26.62
3,9/9/2020,BTPF04,cloudy,15:00,Others,0.00,0.00,26.62
3,9/9/2020,BTPF04,cloudy,15:00,Traveling,0.00,0.00,26.62
3,9/9/2020,BTPF04,cloudy,15:00,Others,0.02,0.17,26.62
3,9/9/2020,BTPF04,cloudy,15:00,Resting,0.07,0.67,26.62
3,9/9/2020,BTPF04,cloudy,16:00,Feeding,0.00,0.00,25.32
3,9/9/2020,BTPF04,cloudy,16:00,Others,0.00,0.00,25.32
3,9/9/2020,BTPF04,cloudy,16:00,Traveling,0.00,0.00,25.32
3,9/9/2020,BTPF04,cloudy,16:00,Others,0.00,0.00,25.32
3,9/9/2020,BTPF04,cloudy,16:00,Resting,0.11,1.00,25.32
4,9/12/2020,BTPF04,sunny,07:00,Feeding,0.00,0.00,26.93
4,9/12/2020,BTPF04,sunny,07:00,Others,0.00,0.00,26.93
4,9/12/2020,BTPF04,sunny,07:00,Traveling,0.00,0.00,26.93
4,9/12/2020,BTPF04,sunny,07:00,Others,0.00,0.00,26.93
4,9/12/2020,BTPF04,sunny,07:00,Resting,0.11,1.00,26.93
4,9/12/2020,BTPF04,sunny,08:00,Feeding,0.00,0.00,28.37
4,9/12/2020,BTPF04,sunny,08:00,Others,0.00,0.00,28.37
4,9/12/2020,BTPF04,sunny,08:00,Traveling,0.00,0.00,28.37
4,9/12/2020,BTPF04,sunny,08:00,Others,0.00,0.00,28.37
4,9/12/2020,BTPF04,sunny,08:00,Resting,0.11,1.00,28.37
4,9/12/2020,BTPF04,sunny,09:00,Feeding,0.00,0.00,26.41
4,9/12/2020,BTPF04,sunny,09:00,Others,0.00,0.00,26.41
4,9/12/2020,BTPF04,sunny,09:00,Traveling,0.00,0.00,26.41
4,9/12/2020,BTPF04,sunny,09:00,Others,0.00,0.00,26.41
4,9/12/2020,BTPF04,sunny,09:00,Resting,0.11,1.00,26.41
4,9/12/2020,BTPF04,sunny,10:00,Feeding,0.00,0.00,27.60
4,9/12/2020,BTPF04,sunny,10:00,Others,0.00,0.00,27.60
4,9/12/2020,BTPF04,sunny,10:00,Traveling,0.00,0.00,27.60
4,9/12/2020,BTPF04,sunny,10:00,Others,0.00,0.00,27.60
4,9/12/2020,BTPF04,sunny,10:00,Resting,0.11,1.00,27.60
4,9/12/2020,BTPF04,sunny,11:00,Feeding,0.00,0.00,28.82
4,9/12/2020,BTPF04,sunny,11:00,Others,0.00,0.00,28.82
4,9/12/2020,BTPF04,sunny,11:00,Traveling,0.00,0.00,28.82
4,9/12/2020,BTPF04,sunny,11:00,Others,0.00,0.00,28.82
4,9/12/2020,BTPF04,sunny,11:00,Resting,0.11,1.00,28.82
4,9/12/2020,BTPF04,sunny,13:00,Feeding,0.00,0.00,28.18
4,9/12/2020,BTPF04,sunny,13:00,Others,0.00,0.00,28.18
4,9/12/2020,BTPF04,sunny,13:00,Traveling,0.00,0.00,28.18
4,9/12/2020,BTPF04,sunny,13:00,Others,0.00,0.00,28.18
4,9/12/2020,BTPF04,sunny,13:00,Resting,0.11,1.00,28.18
4,9/12/2020,BTPF04,sunny,14:00,Feeding,0.02,0.17,28.19
4,9/12/2020,BTPF04,sunny,14:00,Others,0.00,0.00,28.19
4,9/12/2020,BTPF04,sunny,14:00,Traveling,0.00,0.00,28.19
4,9/12/2020,BTPF04,sunny,14:00,Others,0.00,0.00,28.19
4,9/12/2020,BTPF04,sunny,14:00,Resting,0.09,0.83,28.19
4,9/12/2020,BTPF04,sunny,15:00,Feeding,0.11,1.00,24.23
4,9/12/2020,BTPF04,sunny,15:00,Others,0.00,0.00,24.23
4,9/12/2020,BTPF04,sunny,15:00,Traveling,0.00,0.00,24.23
4,9/12/2020,BTPF04,sunny,15:00,Others,0.00,,24.23
4,9/12/2020,BTPF04,sunny,15:00,Resting,0.00,0.00,24.23
4,9/12/2020,BTPF04,sunny,16:00,Feeding,0.00,0.00,24.06
4,9/12/2020,BTPF04,sunny,16:00,Others,0.00,0.00,24.06
4,9/12/2020,BTPF04,sunny,16:00,Traveling,0.00,0.00,24.06
4,9/12/2020,BTPF04,sunny,16:00,Others,0.00,0.00,24.06
4,9/12/2020,BTPF04,sunny,16:00,Resting,0.11,1.00,24.06
5,9/24/2020,BTPF04,sunny,07:00,Feeding,0.00,0.00,25.40
5,9/24/2020,BTPF04,sunny,07:00,Others,0.00,0.00,25.40
5,9/24/2020,BTPF04,sunny,07:00,Traveling,0.00,0.00,25.40
5,9/24/2020,BTPF04,sunny,07:00,Others,0.00,0.00,25.40
5,9/24/2020,BTPF04,sunny,07:00,Resting,0.11,1.00,25.40
5,9/24/2020,BTPF04,sunny,08:00,Feeding,0.00,0.00,26.78
5,9/24/2020,BTPF04,sunny,08:00,Others,0.00,0.00,26.78
5,9/24/2020,BTPF04,sunny,08:00,Traveling,0.00,0.00,26.78
5,9/24/2020,BTPF04,sunny,08:00,Others,0.00,0.00,26.78
5,9/24/2020,BTPF04,sunny,08:00,Resting,0.11,1.00,26.78
5,9/24/2020,BTPF04,sunny,09:00,Feeding,0.00,0.00,27.13
5,9/24/2020,BTPF04,sunny,09:00,Others,0.00,0.00,27.13
5,9/24/2020,BTPF04,sunny,09:00,Traveling,0.00,0.00,27.13
5,9/24/2020,BTPF04,sunny,09:00,Others,0.00,0.00,27.13
5,9/24/2020,BTPF04,sunny,09:00,Resting,0.11,1.00,27.13
5,9/24/2020,BTPF04,sunny,10:00,Feeding,0.00,0.00,26.64
5,9/24/2020,BTPF04,sunny,10:00,Others,0.00,0.00,26.64
5,9/24/2020,BTPF04,sunny,10:00,Traveling,0.00,0.00,26.64
5,9/24/2020,BTPF04,sunny,10:00,Others,0.00,0.00,26.64
5,9/24/2020,BTPF04,sunny,10:00,Resting,0.11,1.00,26.64
5,9/24/2020,BTPF04,sunny,11:00,Feeding,0.00,0.00,24.13
5,9/24/2020,BTPF04,sunny,11:00,Others,0.00,0.00,24.13
5,9/24/2020,BTPF04,sunny,11:00,Traveling,0.00,0.00,24.13
5,9/24/2020,BTPF04,sunny,11:00,Others,0.00,0.00,24.13
5,9/24/2020,BTPF04,sunny,11:00,Resting,0.11,1.00,24.13
5,9/24/2020,BTPF04,sunny,13:00,Feeding,0.00,0.00,23.98
5,9/24/2020,BTPF04,sunny,13:00,Others,0.00,0.00,23.98
5,9/24/2020,BTPF04,sunny,13:00,Traveling,0.00,0.00,23.98
5,9/24/2020,BTPF04,sunny,13:00,Others,0.00,0.00,23.98
5,9/24/2020,BTPF04,sunny,13:00,Resting,0.11,1.00,23.98
5,9/24/2020,BTPF04,sunny,14:00,Feeding,0.00,0.00,25.34
5,9/24/2020,BTPF04,sunny,14:00,Others,0.00,0.00,25.34
5,9/24/2020,BTPF04,sunny,14:00,Traveling,0.00,0.00,25.34
5,9/24/2020,BTPF04,sunny,14:00,Others,0.00,0.00,25.34
5,9/24/2020,BTPF04,sunny,14:00,Resting,0.11,1.00,25.34
5,9/24/2020,BTPF04,sunny,15:00,Feeding,0.00,0.00,26.31
5,9/24/2020,BTPF04,sunny,15:00,Others,0.00,0.00,26.31
5,9/24/2020,BTPF04,sunny,15:00,Traveling,0.00,0.00,26.31
5,9/24/2020,BTPF04,sunny,15:00,Others,0.00,0.00,26.31
5,9/24/2020,BTPF04,sunny,15:00,Resting,0.11,1.00,26.31
5,9/24/2020,BTPF04,sunny,16:00,Feeding,0.04,0.33,24.45
5,9/24/2020,BTPF04,sunny,16:00,Others,0.00,0.00,24.45
5,9/24/2020,BTPF04,sunny,16:00,Traveling,0.00,0.00,24.45
5,9/24/2020,BTPF04,sunny,16:00,Others,0.00,,24.45
5,9/24/2020,BTPF04,sunny,16:00,Resting,0.07,0.67,24.45
1,8/12/2020,BTPF05,sunny,07:00,Feeding,0.11,1.00,21.95
1,8/12/2020,BTPF05,sunny,07:00,Others,0.00,0.00,21.95
1,8/12/2020,BTPF05,sunny,07:00,Traveling,0.00,0.00,21.95
1,8/12/2020,BTPF05,sunny,07:00,Others,0.00,0.00,21.95
1,8/12/2020,BTPF05,sunny,07:00,Resting,0.00,0.00,21.95
1,8/12/2020,BTPF05,sunny,08:00,Feeding,0.00,0.00,23.34
1,8/12/2020,BTPF05,sunny,08:00,Others,0.06,0.50,23.34
1,8/12/2020,BTPF05,sunny,08:00,Traveling,0.02,0.17,23.34
1,8/12/2020,BTPF05,sunny,08:00,Others,0.00,0.00,23.34
1,8/12/2020,BTPF05,sunny,08:00,Resting,0.04,0.33,23.34
1,8/12/2020,BTPF05,sunny,09:00,Feeding,0.06,0.50,24.88
1,8/12/2020,BTPF05,sunny,09:00,Others,0.06,0.50,24.88
1,8/12/2020,BTPF05,sunny,09:00,Traveling,0.00,0.00,24.88
1,8/12/2020,BTPF05,sunny,09:00,Others,0.00,0.00,24.88
1,8/12/2020,BTPF05,sunny,09:00,Resting,0.00,0.00,24.88
1,8/12/2020,BTPF05,sunny,10:00,Feeding,0.07,0.67,23.94
1,8/12/2020,BTPF05,sunny,10:00,Others,0.04,0.33,23.94
1,8/12/2020,BTPF05,sunny,10:00,Traveling,0.00,0.00,23.94
1,8/12/2020,BTPF05,sunny,10:00,Others,0.00,0.00,23.94
1,8/12/2020,BTPF05,sunny,10:00,Resting,0.00,0.00,23.94
1,8/12/2020,BTPF05,sunny,11:00,Feeding,0.07,0.67,24.66
1,8/12/2020,BTPF05,sunny,11:00,Others,0.00,0.00,24.66
1,8/12/2020,BTPF05,sunny,11:00,Traveling,0.04,0.33,24.66
1,8/12/2020,BTPF05,sunny,11:00,Others,0.00,0.00,24.66
1,8/12/2020,BTPF05,sunny,11:00,Resting,0.00,0.00,24.66
1,8/12/2020,BTPF05,sunny,13:00,Feeding,0.00,0.00,26.37
1,8/12/2020,BTPF05,sunny,13:00,Others,0.04,0.33,26.37
1,8/12/2020,BTPF05,sunny,13:00,Traveling,0.02,0.17,26.37
1,8/12/2020,BTPF05,sunny,13:00,Others,0.00,0.00,26.37
1,8/12/2020,BTPF05,sunny,13:00,Resting,0.06,0.50,26.37
1,8/12/2020,BTPF05,sunny,14:00,Feeding,0.00,0.00,25.63
1,8/12/2020,BTPF05,sunny,14:00,Others,0.02,0.17,25.63
1,8/12/2020,BTPF05,sunny,14:00,Traveling,0.00,0.00,25.63
1,8/12/2020,BTPF05,sunny,14:00,Others,0.00,0.00,25.63
1,8/12/2020,BTPF05,sunny,14:00,Resting,0.09,0.83,25.63
1,8/12/2020,BTPF05,sunny,15:00,Feeding,0.00,0.00,24.95
1,8/12/2020,BTPF05,sunny,15:00,Others,0.06,0.50,24.95
1,8/12/2020,BTPF05,sunny,15:00,Traveling,0.00,0.00,24.95
1,8/12/2020,BTPF05,sunny,15:00,Others,0.00,0.00,24.95
1,8/12/2020,BTPF05,sunny,15:00,Resting,0.06,0.50,24.95
1,8/12/2020,BTPF05,sunny,16:00,Feeding,0.00,0.00,22.84
1,8/12/2020,BTPF05,sunny,16:00,Others,0.00,0.00,22.84
1,8/12/2020,BTPF05,sunny,16:00,Traveling,0.00,0.00,22.84
1,8/12/2020,BTPF05,sunny,16:00,Others,0.00,0.00,22.84
1,8/12/2020,BTPF05,sunny,16:00,Resting,0.11,1.00,22.84
2,9/2/2020,BTPF05,sunny,07:00,Feeding,0.00,0.00,25.81
2,9/2/2020,BTPF05,sunny,07:00,Others,0.00,0.00,25.81
2,9/2/2020,BTPF05,sunny,07:00,Traveling,0.00,0.00,25.81
2,9/2/2020,BTPF05,sunny,07:00,Others,0.00,0.00,25.81
2,9/2/2020,BTPF05,sunny,07:00,Resting,0.13,1.00,25.81
2,9/2/2020,BTPF05,sunny,08:00,Feeding,0.00,0.00,27.80
2,9/2/2020,BTPF05,sunny,08:00,Others,0.00,0.00,27.80
2,9/2/2020,BTPF05,sunny,08:00,Traveling,0.00,0.00,27.80
2,9/2/2020,BTPF05,sunny,08:00,Others,0.00,0.00,27.80
2,9/2/2020,BTPF05,sunny,08:00,Resting,0.08,1.00,27.80
2,9/2/2020,BTPF05,sunny,09:00,Feeding,0.00,0.00,28.09
2,9/2/2020,BTPF05,sunny,09:00,Others,0.04,0.33,28.09
2,9/2/2020,BTPF05,sunny,09:00,Traveling,0.00,0.00,28.09
2,9/2/2020,BTPF05,sunny,09:00,Others,0.00,0.00,28.09
2,9/2/2020,BTPF05,sunny,09:00,Resting,0.13,0.67,28.09
2,9/2/2020,BTPF05,sunny,10:00,Feeding,0.00,0.00,28.31
2,9/2/2020,BTPF05,sunny,10:00,Others,0.00,0.00,28.31
2,9/2/2020,BTPF05,sunny,10:00,Traveling,0.02,0.17,28.31
2,9/2/2020,BTPF05,sunny,10:00,Others,0.00,0.00,28.31
2,9/2/2020,BTPF05,sunny,10:00,Resting,0.10,0.83,28.31
2,9/2/2020,BTPF05,sunny,11:00,Feeding,0.00,0.00,28.32
2,9/2/2020,BTPF05,sunny,11:00,Others,0.00,0.00,28.32
2,9/2/2020,BTPF05,sunny,11:00,Traveling,0.02,0.17,28.32
2,9/2/2020,BTPF05,sunny,11:00,Others,0.00,0.00,28.32
2,9/2/2020,BTPF05,sunny,11:00,Resting,0.10,0.83,28.32
2,9/2/2020,BTPF05,sunny,13:00,Feeding,0.13,1.00,28.14
2,9/2/2020,BTPF05,sunny,13:00,Others,0.00,0.00,28.14
2,10/2/2020,BTPF05,sunny,13:00,Traveling,0.00,0.00,28.14
2,10/2/2020,BTPF05,sunny,13:00,Others,0.00,0.00,28.14
2,10/2/2020,BTPF05,sunny,13:00,Resting,0.00,0.00,28.14
2,10/2/2020,BTPF05,sunny,14:00,Feeding,0.06,0.50,27.60
2,10/2/2020,BTPF05,sunny,14:00,Others,0.00,0.00,27.60
2,10/2/2020,BTPF05,sunny,14:00,Traveling,0.00,0.00,27.60
2,10/2/2020,BTPF05,sunny,14:00,Others,0.00,0.00,27.60
2,10/2/2020,BTPF05,sunny,14:00,Resting,0.06,0.50,27.60
2,10/2/2020,BTPF05,sunny,15:00,Feeding,0.00,0.00,26.39
2,10/2/2020,BTPF05,sunny,15:00,Others,0.00,0.00,26.39
2,10/2/2020,BTPF05,sunny,15:00,Traveling,0.00,0.00,26.39
2,10/2/2020,BTPF05,sunny,15:00,Others,0.00,0.00,26.39
2,10/2/2020,BTPF05,sunny,15:00,Resting,0.13,1.00,26.39
2,10/2/2020,BTPF05,sunny,16:00,Feeding,0.00,0.00,25.16
2,10/2/2020,BTPF05,sunny,16:00,Others,0.00,0.00,25.16
2,10/2/2020,BTPF05,sunny,16:00,Traveling,0.00,0.00,25.16
2,10/2/2020,BTPF05,sunny,16:00,Others,0.00,0.00,25.16
2,10/2/2020,BTPF05,sunny,16:00,Resting,0.04,1.00,25.16
3,10/2/2020,BTPF05,cloudy,07:00,Feeding,0.00,0.00,25.99
3,10/2/2020,BTPF05,cloudy,07:00,Others,0.00,0.00,25.99
3,10/2/2020,BTPF05,cloudy,07:00,Traveling,0.00,0.00,25.99
3,10/2/2020,BTPF05,cloudy,07:00,Others,0.00,0.00,25.99
3,10/2/2020,BTPF05,cloudy,07:00,Resting,0.11,1.00,25.99
3,10/2/2020,BTPF05,cloudy,08:00,Feeding,0.00,0.00,28.13
3,10/2/2020,BTPF05,cloudy,08:00,Others,0.04,0.33,28.13
3,10/2/2020,BTPF05,cloudy,08:00,Traveling,0.00,0.00,28.13
3,10/2/2020,BTPF05,cloudy,08:00,Others,0.00,0.00,28.13
3,9/2/2020,BTPF05,cloudy,08:00,Resting,0.07,0.67,28.13
3,9/2/2020,BTPF05,cloudy,09:00,Feeding,0.00,0.00,29.50
3,9/2/2020,BTPF05,cloudy,09:00,Others,0.00,0.00,29.50
3,9/2/2020,BTPF05,cloudy,09:00,Traveling,0.00,0.00,29.50
3,9/2/2020,BTPF05,cloudy,09:00,Others,0.00,0.00,29.50
3,9/2/2020,BTPF05,cloudy,09:00,Resting,0.11,1.00,29.50
3,9/2/2020,BTPF05,cloudy,10:00,Feeding,0.00,0.00,30.41
3,9/2/2020,BTPF05,cloudy,10:00,Others,0.00,0.00,30.41
3,9/2/2020,BTPF05,cloudy,10:00,Traveling,0.00,0.00,30.41
3,9/2/2020,BTPF05,cloudy,10:00,Others,0.00,0.00,30.41
3,9/2/2020,BTPF05,cloudy,10:00,Resting,0.11,1.00,30.41
3,9/2/2020,BTPF05,cloudy,11:00,Feeding,0.00,0.00,30.15
3,9/2/2020,BTPF05,cloudy,11:00,Others,0.00,0.00,30.15
3,9/2/2020,BTPF05,cloudy,11:00,Traveling,0.00,0.00,30.15
3,9/2/2020,BTPF05,cloudy,11:00,Others,0.00,0.00,30.15
3,9/2/2020,BTPF05,cloudy,11:00,Resting,0.11,1.00,30.15
3,9/2/2020,BTPF05,cloudy,13:00,Feeding,0.00,0.00,29.55
3,9/2/2020,BTPF05,cloudy,13:00,Others,0.02,0.17,29.55
3,9/2/2020,BTPF05,cloudy,13:00,Traveling,0.02,0.17,29.55
3,9/2/2020,BTPF05,cloudy,13:00,Others,0.00,0.00,29.55
3,9/2/2020,BTPF05,cloudy,13:00,Resting,0.07,0.67,29.55
3,9/2/2020,BTPF05,cloudy,14:00,Feeding,0.00,0.00,29.12
3,9/2/2020,BTPF05,cloudy,14:00,Others,0.00,0.00,29.12
3,9/2/2020,BTPF05,cloudy,14:00,Traveling,0.11,1.00,29.12
3,9/2/2020,BTPF05,cloudy,14:00,Others,0.00,0.00,29.12
3,9/2/2020,BTPF05,cloudy,14:00,Resting,0.00,0.00,29.12
3,9/2/2020,BTPF05,cloudy,15:00,Feeding,0.04,0.33,28.01
3,10/2/2020,BTPF05,cloudy,15:00,Others,0.00,0.00,28.01
3,10/2/2020,BTPF05,cloudy,15:00,Traveling,0.07,0.67,28.01
3,10/2/2020,BTPF05,cloudy,15:00,Others,0.00,0.00,28.01
3,10/2/2020,BTPF05,cloudy,15:00,Resting,0.00,0.00,28.01
3,10/2/2020,BTPF05,cloudy,16:00,Feeding,0.09,0.83,26.65
3,10/2/2020,BTPF05,cloudy,16:00,Others,0.02,0.17,26.65
3,10/2/2020,BTPF05,cloudy,16:00,Traveling,0.00,0.00,26.65
3,10/2/2020,BTPF05,cloudy,16:00,Others,0.00,0.00,26.65
3,10/2/2020,BTPF05,cloudy,16:00,Resting,0.00,0.00,26.65
4,10/23/2020,BTPF05,sunny,07:00,Feeding,0.00,0.00,27.65
4,10/23/2020,BTPF05,sunny,07:00,Others,0.03,0.17,27.65
4,10/23/2020,BTPF05,sunny,07:00,Traveling,0.00,0.00,27.65
4,10/23/2020,BTPF05,sunny,07:00,Others,0.00,0.00,27.65
4,10/23/2020,BTPF05,sunny,07:00,Resting,0.17,0.83,27.65
4,10/23/2020,BTPF05,sunny,08:00,Feeding,0.00,0.00,29.37
4,10/23/2020,BTPF05,sunny,08:00,Others,0.00,0.00,29.37
4,10/23/2020,BTPF05,sunny,08:00,Traveling,0.00,0.00,29.37
4,10/23/2020,BTPF05,sunny,08:00,Others,0.00,0.00,29.37
4,10/23/2020,BTPF05,sunny,08:00,Resting,0.20,1.00,29.37
4,10/23/2020,BTPF05,sunny,09:00,Feeding,0.00,0.00,30.37
4,10/23/2020,BTPF05,sunny,09:00,Others,0.03,0.17,30.37
4,10/23/2020,BTPF05,sunny,09:00,Traveling,0.07,0.33,30.37
4,10/23/2020,BTPF05,sunny,09:00,Others,0.00,0.00,30.37
4,10/23/2020,BTPF05,sunny,09:00,Resting,0.10,0.50,30.37
4,10/23/2020,BTPF05,sunny,10:00,Feeding,0.00,0.00,30.88
4,10/23/2020,BTPF05,sunny,10:00,Others,0.00,0.00,30.88
4,10/23/2020,BTPF05,sunny,10:00,Traveling,0.00,0.00,30.88
4,10/23/2020,BTPF05,sunny,10:00,Others,0.00,0.00,30.88
4,10/23/2020,BTPF05,sunny,10:00,Resting,0.20,1.00,30.88
4,10/23/2020,BTPF05,sunny,11:00,Feeding,0.00,0.00,30.91
4,10/23/2020,BTPF05,sunny,11:00,Others,0.00,0.00,30.91
4,10/23/2020,BTPF05,sunny,11:00,Traveling,0.00,0.00,30.91
4,10/23/2020,BTPF05,sunny,11:00,Others,0.00,0.00,30.91
4,10/23/2020,BTPF05,sunny,11:00,Resting,0.20,1.00,30.91
4,10/23/2020,BTPF05,sunny,13:00,Feeding,,,29.90
4,10/23/2020,BTPF05,sunny,13:00,Others,,,29.90
4,10/23/2020,BTPF05,sunny,13:00,Traveling,,,29.90
4,10/23/2020,BTPF05,sunny,13:00,Others,,,29.90
4,10/23/2020,BTPF05,sunny,13:00,Resting,,,29.90
4,10/23/2020,BTPF05,sunny,14:00,Feeding,,,29.42
4,10/23/2020,BTPF05,sunny,14:00,Others,,,29.42
4,10/23/2020,BTPF05,sunny,14:00,Traveling,,,29.42
4,10/23/2020,BTPF05,sunny,14:00,Others,,,29.42
4,10/23/2020,BTPF05,sunny,14:00,Resting,,,29.42
4,10/23/2020,BTPF05,sunny,15:00,Feeding,,,28.65
4,10/23/2020,BTPF05,sunny,15:00,Others,,,28.65
4,10/23/2020,BTPF05,sunny,15:00,Traveling,,,28.65
4,10/23/2020,BTPF05,sunny,15:00,Others,,,28.65
4,10/23/2020,BTPF05,sunny,15:00,Resting,,,28.65
4,10/23/2020,BTPF05,sunny,16:00,Feeding,,,26.93
4,10/23/2020,BTPF05,sunny,16:00,Others,,,26.93
4,10/23/2020,BTPF05,sunny,16:00,Traveling,,,26.93
4,10/23/2020,BTPF05,sunny,16:00,Others,,,26.93
4,10/23/2020,BTPF05,sunny,16:00,Resting,,,26.93
5,10/26/2020,BTPF05,cloudy,07:00,Feeding,0.00,0.00,
5,10/26/2020,BTPF05,cloudy,07:00,Others,0.00,0.00,
5,10/26/2020,BTPF05,cloudy,07:00,Traveling,0.02,0.17,
5,10/26/2020,BTPF05,cloudy,07:00,Others,0.00,0.00,
5,10/26/2020,BTPF05,cloudy,07:00,Resting,0.10,0.83,
5,10/26/2020,BTPF05,cloudy,08:00,Feeding,0.00,0.00,
5,10/26/2020,BTPF05,cloudy,08:00,Others,0.00,0.00,
5,10/26/2020,BTPF05,cloudy,08:00,Traveling,0.00,0.00,
5,10/26/2020,BTPF05,cloudy,08:00,Others,0.00,0.00,
5,10/26/2020,BTPF05,cloudy,08:00,Resting,0.12,1.00,
5,10/26/2020,BTPF05,cloudy,09:00,Feeding,0.00,0.00,
5,10/26/2020,BTPF05,cloudy,09:00,Others,0.00,0.00,
5,10/26/2020,BTPF05,cloudy,09:00,Traveling,0.02,0.17,
5,10/26/2020,BTPF05,cloudy,09:00,Others,0.00,0.00,
5,10/26/2020,BTPF05,sunny,09:00,Resting,0.10,0.83,
5,10/26/2020,BTPF05,sunny,10:00,Feeding,0.00,0.00,
5,10/26/2020,BTPF05,sunny,10:00,Others,0.00,0.00,
5,10/26/2020,BTPF05,sunny,10:00,Traveling,0.02,0.25,
5,10/26/2020,BTPF05,sunny,10:00,Others,0.00,0.00,
5,10/26/2020,BTPF05,sunny,10:00,Resting,0.06,0.75,
5,10/26/2020,BTPF05,sunny,11:00,Feeding,0.00,0.00,
5,10/26/2020,BTPF05,sunny,11:00,Others,0.00,0.00,
5,10/26/2020,BTPF05,sunny,11:00,Traveling,0.00,0.00,
5,10/26/2020,BTPF05,sunny,11:00,Others,0.00,0.00,
5,10/26/2020,BTPF05,sunny,11:00,Resting,0.06,1.00,
5,10/26/2020,BTPF05,sunny,13:00,Feeding,0.00,0.00,
5,10/26/2020,BTPF05,sunny,13:00,Others,0.00,0.00,
5,10/26/2020,BTPF05,sunny,13:00,Traveling,0.00,0.00,
5,10/26/2020,BTPF05,sunny,13:00,Others,0.00,0.00,
5,10/26/2020,BTPF05,sunny,13:00,Resting,0.12,1.00,
5,10/26/2020,BTPF05,sunny,14:00,Feeding,0.00,0.00,
5,10/26/2020,BTPF05,sunny,14:00,Others,0.00,0.00,
5,10/26/2020,BTPF05,sunny,14:00,Traveling,0.00,0.00,
5,10/26/2020,BTPF05,sunny,14:00,Others,0.00,0.00,
5,10/26/2020,BTPF05,sunny,14:00,Resting,0.12,1.00,
5,10/26/2020,BTPF05,sunny,15:00,Feeding,0.00,0.00,
5,10/26/2020,BTPF05,sunny,15:00,Others,0.00,0.00,
5,10/26/2020,BTPF05,sunny,15:00,Traveling,0.00,0.00,
5,10/26/2020,BTPF05,sunny,15:00,Others,0.00,0.00,
5,10/26/2020,BTPF05,sunny,15:00,Resting,0.12,1.00,
5,10/26/2020,BTPF05,sunny,16:00,Feeding,0.00,0.00,
5,10/26/2020,BTPF05,sunny,16:00,Others,0.00,0.00,
5,10/26/2020,BTPF05,sunny,16:00,Traveling,0.00,0.00,
5,10/26/2020,BTPF05,sunny,16:00,Others,0.00,0.00,
5,10/26/2020,BTPF05,sunny,16:00,Resting,0.12,1.00,
1,8/19/2020,BTPF06,cloudy,07:00,Feeding,0.00,0.00,
1,8/19/2020,BTPF06,cloudy,07:00,Others,0.00,0.00,
1,8/19/2020,BTPF06,cloudy,07:00,Traveling,0.00,0.00,
1,8/19/2020,BTPF06,cloudy,07:00,Others,0.00,0.00,
1,8/19/2020,BTPF06,cloudy,07:00,Resting,0.11,1.00,
1,8/19/2020,BTPF06,cloudy,08:00,Feeding,0.00,0.00,
1,8/19/2020,BTPF06,cloudy,08:00,Others,0.00,0.00,
1,8/19/2020,BTPF06,cloudy,08:00,Traveling,0.00,0.00,
1,8/19/2020,BTPF06,cloudy,08:00,Others,0.00,0.00,
1,8/19/2020,BTPF06,cloudy,08:00,Resting,0.11,1.00,
1,8/19/2020,BTPF06,sunny,09:00,Feeding,0.00,0.00,
1,8/19/2020,BTPF06,sunny,09:00,Others,0.00,0.00,
1,8/19/2020,BTPF06,sunny,09:00,Traveling,0.00,0.00,
1,8/19/2020,BTPF06,sunny,09:00,Others,0.00,0.00,
1,8/19/2020,BTPF06,sunny,09:00,Resting,0.11,1.00,
1,8/19/2020,BTPF06,cloudy,10:00,Feeding,0.00,0.00,
1,8/19/2020,BTPF06,cloudy,10:00,Others,0.00,0.00,
1,8/19/2020,BTPF06,cloudy,10:00,Traveling,0.00,0.00,
1,8/19/2020,BTPF06,cloudy,10:00,Others,0.00,0.00,
1,8/19/2020,BTPF06,cloudy,10:00,Resting,0.11,1.00,
1,8/19/2020,BTPF06,sunny,11:00,Feeding,0.00,0.00,
1,8/19/2020,BTPF06,sunny,11:00,Others,0.00,0.00,
1,8/19/2020,BTPF06,sunny,11:00,Traveling,0.00,0.00,
1,8/19/2020,BTPF06,sunny,11:00,Others,0.00,0.00,
1,8/19/2020,BTPF06,sunny,11:00,Resting,0.11,1.00,
1,8/19/2020,BTPF06,sunny,13:00,Feeding,0.00,0.00,
1,8/19/2020,BTPF06,sunny,13:00,Others,0.00,0.00,
1,8/19/2020,BTPF06,sunny,13:00,Traveling,0.00,0.00,
1,8/19/2020,BTPF06,sunny,13:00,Others,0.00,0.00,
1,8/19/2020,BTPF06,sunny,13:00,Resting,0.11,1.00,
1,8/19/2020,BTPF06,cloudy,14:00,Feeding,0.00,0.00,
1,8/19/2020,BTPF06,cloudy,14:00,Others,0.00,0.00,
1,8/19/2020,BTPF06,cloudy,14:00,Traveling,0.00,0.00,
1,8/19/2020,BTPF06,cloudy,14:00,Others,0.00,0.00,
1,8/19/2020,BTPF06,cloudy,14:00,Resting,0.11,1.00,
1,8/19/2020,BTPF06,cloudy,15:00,Feeding,0.00,0.00,
1,8/19/2020,BTPF06,cloudy,15:00,Others,0.00,0.00,
1,8/19/2020,BTPF06,cloudy,15:00,Traveling,0.00,0.00,
1,8/19/2020,BTPF06,cloudy,15:00,Others,0.00,0.00,
1,8/19/2020,BTPF06,cloudy,15:00,Resting,0.11,1.00,
1,8/19/2020,BTPF06,cloudy,16:00,Feeding,0.00,0.00,
1,8/19/2020,BTPF06,cloudy,16:00,Others,0.00,0.00,
1,8/19/2020,BTPF06,cloudy,16:00,Traveling,0.00,0.00,
1,8/19/2020,BTPF06,cloudy,16:00,Others,0.00,0.00,
1,8/19/2020,BTPF06,cloudy,16:00,Resting,0.11,1.00,
2,8/31/2020,BTPF06,sunny,07:00,Feeding,0.00,0.00,
2,8/31/2020,BTPF06,sunny,07:00,Others,0.00,0.00,
2,8/31/2020,BTPF06,sunny,07:00,Traveling,0.00,0.00,
2,8/31/2020,BTPF06,sunny,07:00,Others,0.00,0.00,
2,8/31/2020,BTPF06,sunny,07:00,Resting,0.11,1.00,
2,8/31/2020,BTPF06,sunny,08:00,Feeding,0.00,0.00,
2,8/31/2020,BTPF06,sunny,08:00,Others,0.00,0.00,
2,8/31/2020,BTPF06,sunny,08:00,Traveling,0.00,0.00,
2,8/31/2020,BTPF06,sunny,08:00,Others,0.00,0.00,
2,8/31/2020,BTPF06,sunny,08:00,Resting,0.11,1.00,
2,8/31/2020,BTPF06,sunny,09:00,Feeding,0.00,0.00,
2,8/31/2020,BTPF06,sunny,09:00,Others,0.00,0.00,
2,8/31/2020,BTPF06,sunny,09:00,Traveling,0.00,0.00,
2,8/31/2020,BTPF06,sunny,09:00,Others,0.00,0.00,
2,8/31/2020,BTPF06,sunny,09:00,Resting,0.11,1.00,
2,8/31/2020,BTPF06,cloudy,10:00,Feeding,0.00,0.00,
2,8/31/2020,BTPF06,cloudy,10:00,Others,0.00,0.00,
2,8/31/2020,BTPF06,cloudy,10:00,Traveling,0.00,0.00,
2,8/31/2020,BTPF06,cloudy,10:00,Others,0.00,0.00,
2,8/31/2020,BTPF06,cloudy,10:00,Resting,0.11,1.00,
2,8/31/2020,BTPF06,sunny,11:00,Feeding,0.00,0.00,
2,8/31/2020,BTPF06,sunny,11:00,Others,0.00,0.00,
2,8/31/2020,BTPF06,sunny,11:00,Traveling,0.00,0.00,
2,8/31/2020,BTPF06,sunny,11:00,Others,0.00,0.00,
2,8/31/2020,BTPF06,sunny,11:00,Resting,0.11,1.00,
2,8/31/2020,BTPF06,sunny,13:00,Feeding,0.00,0.00,
2,8/31/2020,BTPF06,sunny,13:00,Others,0.00,0.00,
2,8/31/2020,BTPF06,sunny,13:00,Traveling,0.00,0.00,
2,8/31/2020,BTPF06,sunny,13:00,Others,0.00,0.00,
2,8/31/2020,BTPF06,sunny,13:00,Resting,0.11,1.00,
2,8/31/2020,BTPF06,sunny,14:00,Feeding,0.00,0.00,
2,8/31/2020,BTPF06,sunny,14:00,Others,0.00,0.00,
2,8/31/2020,BTPF06,sunny,14:00,Traveling,0.00,0.00,
2,8/31/2020,BTPF06,sunny,14:00,Others,0.00,0.00,
2,8/31/2020,BTPF06,sunny,14:00,Resting,0.11,1.00,
2,8/31/2020,BTPF06,sunny,15:00,Feeding,0.00,0.00,
2,8/31/2020,BTPF06,sunny,15:00,Others,0.00,0.00,
2,8/31/2020,BTPF06,sunny,15:00,Traveling,0.00,0.00,
2,8/31/2020,BTPF06,sunny,15:00,Others,0.00,0.00,
2,8/31/2020,BTPF06,sunny,15:00,Resting,0.11,1.00,
2,8/31/2020,BTPF06,sunny,16:00,Feeding,0.00,0.00,
2,8/31/2020,BTPF06,sunny,16:00,Others,0.00,0.00,
2,8/31/2020,BTPF06,sunny,16:00,Traveling,0.00,0.00,
2,8/31/2020,BTPF06,sunny,16:00,Others,0.00,0.00,
2,8/31/2020,BTPF06,sunny,16:00,Resting,0.11,1.00,
3,9/14/2020,BTPF06,sunny,07:00,Feeding,0.07,0.67,25.39
3,9/14/2020,BTPF06,sunny,07:00,Others,0.00,0.00,25.39
3,9/14/2020,BTPF06,sunny,07:00,Traveling,0.00,0.00,25.39
3,9/14/2020,BTPF06,sunny,07:00,Others,0.00,0.00,25.39
3,9/14/2020,BTPF06,sunny,07:00,Resting,0.04,0.33,25.39
3,9/14/2020,BTPF06,sunny,08:00,Feeding,0.06,0.50,27.34
3,9/14/2020,BTPF06,sunny,08:00,Others,0.00,0.00,27.34
3,9/14/2020,BTPF06,sunny,08:00,Traveling,0.02,0.17,27.34
3,9/14/2020,BTPF06,sunny,08:00,Others,0.00,0.00,27.34
3,9/14/2020,BTPF06,sunny,08:00,Resting,0.04,0.33,27.34
3,9/14/2020,BTPF06,sunny,09:00,Feeding,0.00,0.00,28.24
3,9/14/2020,BTPF06,sunny,09:00,Others,0.02,0.17,28.24
3,9/14/2020,BTPF06,sunny,09:00,Traveling,0.00,0.00,28.24
3,9/14/2020,BTPF06,sunny,09:00,Others,0.00,0.00,28.24
3,9/14/2020,BTPF06,sunny,09:00,Resting,0.09,0.83,28.24
3,9/14/2020,BTPF06,sunny,10:00,Feeding,0.00,0.00,28.49
3,9/14/2020,BTPF06,sunny,10:00,Others,0.00,0.00,28.49
3,9/14/2020,BTPF06,sunny,10:00,Traveling,0.00,0.00,28.49
3,9/14/2020,BTPF06,sunny,10:00,Others,0.00,0.00,28.49
3,9/14/2020,BTPF06,sunny,10:00,Resting,0.11,1.00,28.49
3,9/14/2020,BTPF06,sunny,11:00,Feeding,0.00,0.00,29.20
3,9/14/2020,BTPF06,sunny,11:00,Others,0.00,0.00,29.20
3,9/14/2020,BTPF06,sunny,11:00,Traveling,0.00,0.00,29.20
3,9/14/2020,BTPF06,sunny,11:00,Others,0.00,0.00,29.20
3,9/14/2020,BTPF06,sunny,11:00,Resting,0.11,1.00,29.20
3,9/14/2020,BTPF06,sunny,13:00,Feeding,0.00,0.00,28.69
3,9/14/2020,BTPF06,sunny,13:00,Others,0.00,0.00,28.69
3,9/14/2020,BTPF06,sunny,13:00,Traveling,0.00,0.00,28.69
3,9/14/2020,BTPF06,sunny,13:00,Others,0.00,0.00,28.69
3,9/14/2020,BTPF06,sunny,13:00,Resting,0.11,1.00,28.69
3,9/14/2020,BTPF06,sunny,14:00,Feeding,0.00,0.00,29.46
3,9/14/2020,BTPF06,sunny,14:00,Others,0.00,0.00,29.46
3,9/14/2020,BTPF06,sunny,14:00,Traveling,0.00,0.00,29.46
3,9/14/2020,BTPF06,sunny,14:00,Others,0.00,0.00,29.46
3,9/14/2020,BTPF06,sunny,14:00,Resting,0.11,1.00,29.46
3,9/14/2020,BTPF06,sunny,15:00,Feeding,0.00,0.00,29.13
3,9/14/2020,BTPF06,sunny,15:00,Others,0.00,0.00,29.13
3,9/14/2020,BTPF06,sunny,15:00,Traveling,0.00,0.00,29.13
3,9/14/2020,BTPF06,sunny,15:00,Others,0.00,0.00,29.13
3,9/14/2020,BTPF06,sunny,15:00,Resting,0.11,1.00,29.13
3,9/14/2020,BTPF06,sunny,16:00,Feeding,0.00,0.00,25.92
3,9/14/2020,BTPF06,sunny,16:00,Others,0.00,0.00,25.92
3,9/14/2020,BTPF06,sunny,16:00,Traveling,0.00,0.00,25.92
3,9/14/2020,BTPF06,sunny,16:00,Others,0.00,0.00,25.92
3,9/14/2020,BTPF06,sunny,16:00,Resting,0.11,1.00,25.92
4,9/19/2020,BTPF06,sunny,07:00,Feeding,0.00,0.00,25.48
4,9/19/2020,BTPF06,sunny,07:00,Others,0.00,0.00,25.48
4,9/19/2020,BTPF06,sunny,07:00,Traveling,0.00,0.00,25.48
4,9/19/2020,BTPF06,sunny,07:00,Others,0.00,0.00,25.48
4,9/19/2020,BTPF06,sunny,07:00,Resting,0.11,1.00,25.48
4,9/19/2020,BTPF06,cloudy,08:00,Feeding,0.00,0.00,26.69
4,9/19/2020,BTPF06,cloudy,08:00,Others,0.00,0.00,26.69
4,9/19/2020,BTPF06,cloudy,08:00,Traveling,0.00,0.00,26.69
4,9/19/2020,BTPF06,cloudy,08:00,Others,0.00,0.00,26.69
4,9/19/2020,BTPF06,cloudy,08:00,Resting,0.11,1.00,26.69
4,9/19/2020,BTPF06,sunny,09:00,Feeding,0.00,0.00,28.82
4,9/19/2020,BTPF06,sunny,09:00,Others,0.00,0.00,28.82
4,9/19/2020,BTPF06,sunny,09:00,Traveling,0.00,0.00,28.82
4,9/19/2020,BTPF06,sunny,09:00,Others,0.00,0.00,28.82
4,9/19/2020,BTPF06,sunny,09:00,Resting,0.11,1.00,28.82
4,9/19/2020,BTPF06,sunny,10:00,Feeding,0.00,0.00,29.30
4,9/19/2020,BTPF06,sunny,10:00,Others,0.00,0.00,29.30
4,9/19/2020,BTPF06,sunny,10:00,Traveling,0.00,0.00,29.30
4,9/19/2020,BTPF06,sunny,10:00,Others,0.00,0.00,29.30
4,9/19/2020,BTPF06,sunny,10:00,Resting,0.11,1.00,29.30
4,9/19/2020,BTPF06,sunny,11:00,Feeding,0.00,0.00,29.67
4,9/19/2020,BTPF06,sunny,11:00,Others,0.00,0.00,29.67
4,9/19/2020,BTPF06,sunny,11:00,Traveling,0.00,0.00,29.67
4,9/19/2020,BTPF06,sunny,11:00,Others,0.00,0.00,29.67
4,9/19/2020,BTPF06,sunny,11:00,Resting,0.11,1.00,29.67
4,9/19/2020,BTPF06,sunny,13:00,Feeding,0.00,0.00,29.02
4,9/19/2020,BTPF06,sunny,13:00,Others,0.00,0.00,29.02
4,9/19/2020,BTPF06,sunny,13:00,Traveling,0.00,0.00,29.02
4,9/19/2020,BTPF06,sunny,13:00,Others,0.00,0.00,29.02
4,9/19/2020,BTPF06,sunny,13:00,Resting,0.11,1.00,29.02
4,9/19/2020,BTPF06,sunny,14:00,Feeding,0.09,0.83,30.08
4,9/19/2020,BTPF06,sunny,14:00,Others,0.00,0.00,30.08
4,9/19/2020,BTPF06,sunny,14:00,Traveling,0.00,0.00,30.08
4,9/19/2020,BTPF06,sunny,14:00,Others,0.00,0.00,30.08
4,9/19/2020,BTPF06,sunny,14:00,Resting,0.02,0.17,30.08
4,9/19/2020,BTPF06,sunny,15:00,Feeding,0.00,0.00,29.01
4,9/19/2020,BTPF06,sunny,15:00,Others,0.00,0.00,29.01
4,9/19/2020,BTPF06,sunny,15:00,Traveling,0.00,0.00,29.01
4,9/19/2020,BTPF06,sunny,15:00,Others,0.00,0.00,29.01
4,9/19/2020,BTPF06,sunny,15:00,Resting,0.11,1.00,29.01
4,9/19/2020,BTPF06,sunny,16:00,Feeding,0.00,0.00,26.07
4,9/19/2020,BTPF06,sunny,16:00,Others,0.00,0.00,26.07
4,9/19/2020,BTPF06,sunny,16:00,Traveling,0.00,0.00,26.07
4,9/19/2020,BTPF06,sunny,16:00,Others,0.00,0.00,26.07
4,9/19/2020,BTPF06,sunny,16:00,Resting,0.11,1.00,26.07
5,9/24/2020,BTPF06,sunny,07:00,Feeding,0.00,0.00,25.40
5,9/24/2020,BTPF06,sunny,07:00,Others,0.00,0.00,25.40
5,9/24/2020,BTPF06,sunny,07:00,Traveling,0.00,0.00,25.40
5,9/24/2020,BTPF06,sunny,07:00,Others,0.00,0.00,25.40
5,9/24/2020,BTPF06,sunny,07:00,Resting,0.11,1.00,25.40
5,9/24/2020,BTPF06,sunny,08:00,Feeding,0.00,0.00,26.78
5,9/24/2020,BTPF06,sunny,08:00,Others,0.00,0.00,26.78
5,9/24/2020,BTPF06,sunny,08:00,Traveling,0.00,0.00,26.78
5,9/24/2020,BTPF06,sunny,08:00,Others,0.00,0.00,26.78
5,9/24/2020,BTPF06,sunny,08:00,Resting,0.11,1.00,26.78
5,9/24/2020,BTPF06,sunny,09:00,Feeding,0.00,0.00,27.13
5,9/24/2020,BTPF06,sunny,09:00,Others,0.00,0.00,27.13
5,9/24/2020,BTPF06,sunny,09:00,Traveling,0.00,0.00,27.13
5,9/24/2020,BTPF06,sunny,09:00,Others,0.00,0.00,27.13
5,9/24/2020,BTPF06,sunny,09:00,Resting,0.11,1.00,27.13
5,9/24/2020,BTPF06,cloudy,10:00,Feeding,0.00,0.00,26.64
5,9/24/2020,BTPF06,cloudy,10:00,Others,0.02,0.17,26.64
5,9/24/2020,BTPF06,cloudy,10:00,Traveling,0.00,0.00,26.64
5,9/24/2020,BTPF06,cloudy,10:00,Others,0.00,0.00,26.64
5,9/24/2020,BTPF06,cloudy,10:00,Resting,0.09,0.83,26.64
5,9/24/2020,BTPF06,cloudy,11:00,Feeding,0.00,0.00,24.13
5,9/24/2020,BTPF06,cloudy,11:00,Others,0.00,0.00,24.13
5,9/24/2020,BTPF06,cloudy,11:00,Traveling,0.00,0.00,24.13
5,9/24/2020,BTPF06,cloudy,11:00,Others,0.00,0.00,24.13
5,9/24/2020,BTPF06,cloudy,11:00,Resting,0.11,1.00,24.13
5,9/24/2020,BTPF06,cloudy,13:00,Feeding,0.00,0.00,23.98
5,9/24/2020,BTPF06,cloudy,13:00,Others,0.00,0.00,23.98
5,9/25/2020,BTPF06,cloudy,13:00,Traveling,0.00,0.00,23.98
5,9/26/2020,BTPF06,cloudy,13:00,Others,0.00,0.00,23.98
5,9/27/2020,BTPF06,cloudy,13:00,Resting,0.11,1.00,23.98
5,9/28/2020,BTPF06,cloudy,14:00,Feeding,0.00,0.00,25.34
5,9/29/2020,BTPF06,cloudy,14:00,Others,0.00,0.00,25.34
5,9/30/2020,BTPF06,cloudy,14:00,Traveling,0.00,0.00,25.34
5,10/1/2020,BTPF06,cloudy,14:00,Others,0.00,0.00,25.34
5,10/2/2020,BTPF06,cloudy,14:00,Resting,0.11,1.00,25.34
5,10/3/2020,BTPF06,sunny,15:00,Feeding,0.00,0.00,26.31
5,10/4/2020,BTPF06,sunny,15:00,Others,0.00,0.00,26.31
5,10/5/2020,BTPF06,sunny,15:00,Traveling,0.00,0.00,26.31
5,10/6/2020,BTPF06,sunny,15:00,Others,0.00,0.00,26.31
5,10/7/2020,BTPF06,sunny,15:00,Resting,0.11,1.00,26.31
5,10/8/2020,BTPF06,sunny,16:00,Feeding,0.00,0.00,24.45
5,10/9/2020,BTPF06,sunny,16:00,Others,0.00,0.00,24.45
5,10/10/2020,BTPF06,sunny,16:00,Traveling,0.00,0.00,24.45
5,10/11/2020,BTPF06,sunny,16:00,Others,0.00,0.00,24.45
5,10/12/2020,BTPF06,sunny,16:00,Resting,0.11,1.00,24.45
1,8/13/2020,BTPF07,cloudy,07:00,Feeding,0.00,0.00,22.72
1,8/13/2020,BTPF07,cloudy,07:00,Others,0.00,0.00,22.72
1,8/13/2020,BTPF07,cloudy,07:00,Traveling,0.00,0.00,22.72
1,8/13/2020,BTPF07,cloudy,07:00,Others,0.00,0.00,22.72
1,8/13/2020,BTPF07,cloudy,07:00,Resting,0.11,1.00,22.72
1,8/13/2020,BTPF07,cloudy,08:00,Feeding,0.00,0.00,23.84
1,8/13/2020,BTPF07,cloudy,08:00,Others,0.00,0.00,23.84
1,8/13/2020,BTPF07,cloudy,08:00,Traveling,0.02,0.17,23.84
1,8/13/2020,BTPF07,cloudy,08:00,Others,0.00,0.00,23.84
1,8/13/2020,BTPF07,cloudy,08:00,Resting,0.09,0.83,23.84
1,8/13/2020,BTPF07,cloudy,09:00,Feeding,0.11,1.00,24.59
1,8/13/2020,BTPF07,cloudy,09:00,Others,0.00,0.00,24.59
1,8/13/2020,BTPF07,cloudy,09:00,Traveling,0.00,0.00,24.59
1,8/13/2020,BTPF07,cloudy,09:00,Others,0.00,0.00,24.59
1,8/13/2020,BTPF07,cloudy,09:00,Resting,0.00,0.00,24.59
1,8/13/2020,BTPF07,cloudy,10:00,Feeding,0.02,0.17,24.81
1,8/13/2020,BTPF07,cloudy,10:00,Others,0.00,0.00,24.81
1,8/13/2020,BTPF07,cloudy,10:00,Traveling,0.02,0.17,24.81
1,8/13/2020,BTPF07,cloudy,10:00,Others,0.00,0.00,24.81
1,8/13/2020,BTPF07,cloudy,10:00,Resting,0.07,0.67,24.81
1,8/13/2020,BTPF07,cloudy,11:00,Feeding,0.00,0.00,24.00
1,8/13/2020,BTPF07,cloudy,11:00,Others,0.00,0.00,24.00
1,8/13/2020,BTPF07,cloudy,11:00,Traveling,0.00,0.00,24.00
1,8/13/2020,BTPF07,cloudy,11:00,Others,0.00,0.00,24.00
1,8/13/2020,BTPF07,cloudy,11:00,Resting,0.11,1.00,24.00
1,8/13/2020,BTPF07,cloudy,13:00,Feeding,0.00,0.00,25.00
1,8/13/2020,BTPF07,cloudy,13:00,Others,0.00,0.00,25.00
1,8/13/2020,BTPF07,cloudy,13:00,Traveling,0.00,0.00,25.00
1,8/13/2020,BTPF07,cloudy,13:00,Others,0.00,0.00,25.00
1,8/13/2020,BTPF07,cloudy,13:00,Resting,0.11,1.00,25.00
1,8/13/2020,BTPF07,cloudy,14:00,Feeding,0.07,0.67,25.51
1,8/13/2020,BTPF07,cloudy,14:00,Others,0.00,0.00,25.51
1,8/13/2020,BTPF07,cloudy,14:00,Traveling,0.00,0.00,25.51
1,8/13/2020,BTPF07,cloudy,14:00,Others,0.00,0.00,25.51
1,8/13/2020,BTPF07,cloudy,14:00,Resting,0.04,0.33,25.51
1,8/13/2020,BTPF07,cloudy,15:00,Feeding,0.09,0.83,25.21
1,8/13/2020,BTPF07,cloudy,15:00,Others,0.00,0.00,25.21
1,8/13/2020,BTPF07,cloudy,15:00,Traveling,0.02,0.17,25.21
1,8/13/2020,BTPF07,cloudy,15:00,Others,0.00,0.00,25.21
1,8/13/2020,BTPF07,cloudy,15:00,Resting,0.00,0.00,25.21
1,8/13/2020,BTPF07,cloudy,16:00,Feeding,0.09,0.83,23.32
1,8/13/2020,BTPF07,cloudy,16:00,Others,0.00,0.00,23.32
1,8/13/2020,BTPF07,cloudy,16:00,Traveling,0.02,0.17,23.32
1,8/13/2020,BTPF07,cloudy,16:00,Others,0.00,0.00,23.32
1,8/13/2020,BTPF07,cloudy,16:00,Resting,0.00,0.00,23.32
2,8/24/2020,BTPF07,cloudy,07:00,Feeding,0.00,0.00,21.70
2,8/24/2020,BTPF07,cloudy,07:00,Others,0.00,0.00,21.70
2,8/24/2020,BTPF07,cloudy,07:00,Traveling,0.00,0.00,21.70
2,8/24/2020,BTPF07,cloudy,07:00,Others,0.00,0.00,21.70
2,8/24/2020,BTPF07,cloudy,07:00,Resting,0.11,1.00,21.70
2,8/24/2020,BTPF07,cloudy,08:00,Feeding,0.00,0.00,22.01
2,8/24/2020,BTPF07,cloudy,08:00,Others,0.00,0.00,22.01
2,8/24/2020,BTPF07,cloudy,08:00,Traveling,0.00,0.00,22.01
2,8/24/2020,BTPF07,cloudy,08:00,Others,0.00,0.00,22.01
2,8/24/2020,BTPF07,cloudy,08:00,Resting,0.11,1.00,22.01
2,8/24/2020,BTPF07,cloudy,09:00,Feeding,0.00,0.00,22.22
2,8/24/2020,BTPF07,cloudy,09:00,Others,0.00,0.00,22.22
2,8/24/2020,BTPF07,cloudy,09:00,Traveling,0.00,0.00,22.22
2,8/24/2020,BTPF07,cloudy,09:00,Others,0.00,0.00,22.22
2,8/24/2020,BTPF07,cloudy,09:00,Resting,0.11,1.00,22.22
2,8/24/2020,BTPF07,cloudy,10:00,Feeding,0.00,0.00,22.27
2,8/24/2020,BTPF07,cloudy,10:00,Others,0.00,0.00,22.27
2,8/24/2020,BTPF07,cloudy,10:00,Traveling,0.00,0.00,22.27
2,8/24/2020,BTPF07,cloudy,10:00,Others,0.00,0.00,22.27
2,8/24/2020,BTPF07,cloudy,10:00,Resting,0.11,1.00,22.27
2,8/24/2020,BTPF07,cloudy,11:00,Feeding,0.00,0.00,22.48
2,8/24/2020,BTPF07,cloudy,11:00,Others,0.00,0.00,22.48
2,8/24/2020,BTPF07,cloudy,11:00,Traveling,0.00,0.00,22.48
2,8/24/2020,BTPF07,cloudy,11:00,Others,0.00,0.00,22.48
2,8/24/2020,BTPF07,cloudy,11:00,Resting,0.11,1.00,22.48
2,8/24/2020,BTPF07,cloudy,13:00,Feeding,0.00,0.00,22.70
2,8/24/2020,BTPF07,cloudy,13:00,Others,0.00,0.00,22.70
2,8/24/2020,BTPF07,cloudy,13:00,Traveling,0.00,0.00,22.70
2,8/24/2020,BTPF07,cloudy,13:00,Others,0.00,0.00,22.70
2,8/24/2020,BTPF07,cloudy,13:00,Resting,0.11,1.00,22.70
2,8/24/2020,BTPF07,cloudy,14:00,Feeding,0.00,0.00,22.65
2,8/24/2020,BTPF07,cloudy,14:00,Others,0.00,0.00,22.65
2,8/24/2020,BTPF07,cloudy,14:00,Traveling,0.00,0.00,22.65
2,8/24/2020,BTPF07,cloudy,14:00,Others,0.00,0.00,22.65
2,8/24/2020,BTPF07,cloudy,14:00,Resting,0.11,1.00,22.65
2,8/24/2020,BTPF07,cloudy,15:00,Feeding,0.00,0.00,22.51
2,8/24/2020,BTPF07,cloudy,15:00,Others,0.00,0.00,22.51
2,8/24/2020,BTPF07,cloudy,15:00,Traveling,0.00,0.00,22.51
2,8/24/2020,BTPF07,cloudy,15:00,Others,0.00,0.00,22.51
2,8/24/2020,BTPF07,cloudy,15:00,Resting,0.11,1.00,22.51
2,8/24/2020,BTPF07,cloudy,16:00,Feeding,0.00,0.00,22.27
2,8/24/2020,BTPF07,cloudy,16:00,Others,0.00,0.00,22.27
2,8/24/2020,BTPF07,cloudy,16:00,Traveling,0.00,0.00,22.27
2,8/24/2020,BTPF07,cloudy,16:00,Others,0.00,0.00,22.27
2,8/24/2020,BTPF07,cloudy,16:00,Resting,0.11,1.00,22.27
3,9/8/2020,BTPF07,sunny,07:00,Feeding,0.00,0.00,26.20
3,9/8/2020,BTPF07,sunny,07:00,Others,0.02,0.17,26.20
3,9/8/2020,BTPF07,sunny,07:00,Traveling,0.02,0.17,26.20
3,9/8/2020,BTPF07,sunny,07:00,Others,0.00,0.00,26.20
3,9/8/2020,BTPF07,sunny,07:00,Resting,0.08,0.67,26.20
3,9/8/2020,BTPF07,cloudy,08:00,Feeding,0.00,0.00,26.34
3,9/8/2020,BTPF07,cloudy,08:00,Others,0.06,0.50,26.34
3,9/8/2020,BTPF07,cloudy,08:00,Traveling,0.00,0.00,26.34
3,9/8/2020,BTPF07,cloudy,08:00,Others,0.00,0.00,26.34
3,9/8/2020,BTPF07,cloudy,08:00,Resting,0.06,0.50,26.34
3,9/8/2020,BTPF07,cloudy,09:00,Feeding,0.02,0.20,28.37
3,9/8/2020,BTPF07,cloudy,09:00,Others,0.06,0.60,28.37
3,9/8/2020,BTPF07,cloudy,09:00,Traveling,0.00,0.00,28.37
3,9/8/2020,BTPF07,cloudy,09:00,Others,0.00,0.00,28.37
3,9/8/2020,BTPF07,cloudy,09:00,Resting,0.02,0.20,28.37
3,9/8/2020,BTPF07,cloudy,10:00,Feeding,0.08,0.67,28.52
3,9/8/2020,BTPF07,cloudy,10:00,Others,0.00,0.00,28.52
3,9/8/2020,BTPF07,cloudy,10:00,Traveling,0.00,0.00,28.52
3,9/8/2020,BTPF07,cloudy,10:00,Others,0.00,0.00,28.52
3,9/8/2020,BTPF07,cloudy,10:00,Resting,0.04,0.33,28.52
3,9/8/2020,BTPF07,cloudy,11:00,Feeding,0.06,0.50,28.82
3,9/8/2020,BTPF07,cloudy,11:00,Others,0.00,0.00,28.82
3,9/8/2020,BTPF07,cloudy,11:00,Traveling,0.00,0.00,28.82
3,9/8/2020,BTPF07,cloudy,11:00,Others,0.00,0.00,28.82
3,9/8/2020,BTPF07,cloudy,11:00,Resting,0.06,0.50,28.82
3,9/8/2020,BTPF07,cloudy,13:00,Feeding,0.00,0.00,27.47
3,9/8/2020,BTPF07,cloudy,13:00,Others,0.09,0.83,27.47
3,9/8/2020,BTPF07,cloudy,13:00,Traveling,0.02,0.17,27.47
3,9/8/2020,BTPF07,cloudy,13:00,Others,0.00,0.00,27.47
3,9/8/2020,BTPF07,cloudy,13:00,Resting,0.00,0.00,27.47
3,9/8/2020,BTPF07,cloudy,14:00,Feeding,0.06,0.50,24.58
3,9/8/2020,BTPF07,cloudy,14:00,Others,0.00,0.00,24.58
3,9/8/2020,BTPF07,cloudy,14:00,Traveling,0.00,0.00,24.58
3,9/8/2020,BTPF07,cloudy,14:00,Others,0.00,0.00,24.58
3,9/8/2020,BTPF07,cloudy,14:00,Resting,0.06,0.50,24.58
3,9/8/2020,BTPF07,cloudy,15:00,Feeding,0.00,0.00,22.86
3,9/8/2020,BTPF07,cloudy,15:00,Others,0.00,0.00,22.86
3,9/8/2020,BTPF07,cloudy,15:00,Traveling,0.00,0.00,22.86
3,9/8/2020,BTPF07,cloudy,15:00,Others,0.00,0.00,22.86
3,9/8/2020,BTPF07,cloudy,15:00,Resting,0.11,1.00,22.86
3,9/8/2020,BTPF07,cloudy,16:00,Feeding,0.00,0.00,22.65
3,9/8/2020,BTPF07,cloudy,16:00,Others,0.00,0.00,22.65
3,9/8/2020,BTPF07,cloudy,16:00,Traveling,0.00,0.00,22.65
3,9/8/2020,BTPF07,cloudy,16:00,Others,0.00,0.00,22.65
3,9/8/2020,BTPF07,cloudy,16:00,Resting,0.11,1.00,22.65
4,9/16/2020,BTPF07,sunny,07:00,Feeding,0.00,0.00,25.89
4,9/16/2020,BTPF07,sunny,07:00,Others,0.04,0.33,25.89
4,9/16/2020,BTPF07,sunny,07:00,Traveling,0.00,0.00,25.89
4,9/16/2020,BTPF07,sunny,07:00,Others,0.00,0.00,25.89
4,9/16/2020,BTPF07,sunny,07:00,Resting,0.07,0.67,25.89
4,9/16/2020,BTPF07,cloudy,08:00,Feeding,0.04,0.33,26.20
4,9/16/2020,BTPF07,cloudy,08:00,Others,0.04,0.33,26.20
4,9/16/2020,BTPF07,cloudy,08:00,Traveling,0.00,0.00,26.20
4,9/16/2020,BTPF07,cloudy,08:00,Others,0.00,0.00,26.20
4,9/16/2020,BTPF07,cloudy,08:00,Resting,0.04,0.33,26.20
4,9/16/2020,BTPF07,cloudy,09:00,Feeding,0.00,0.00,27.39
4,9/16/2020,BTPF07,cloudy,09:00,Others,0.09,0.83,27.39
4,9/16/2020,BTPF07,cloudy,09:00,Traveling,0.00,0.00,27.39
4,9/16/2020,BTPF07,cloudy,09:00,Others,0.00,0.00,27.39
4,9/16/2020,BTPF07,cloudy,09:00,Resting,0.02,0.17,27.39
4,9/16/2020,BTPF07,cloudy,10:00,Feeding,0.00,0.00,28.56
4,9/16/2020,BTPF07,cloudy,10:00,Others,0.02,0.17,28.56
4,9/16/2020,BTPF07,cloudy,10:00,Traveling,0.02,0.17,28.56
4,9/16/2020,BTPF07,cloudy,10:00,Others,0.00,0.00,28.56
4,9/16/2020,BTPF07,cloudy,10:00,Resting,0.11,0.67,28.56
4,9/16/2020,BTPF07,sunny,11:00,Feeding,0.00,0.00,28.82
4,9/16/2020,BTPF07,sunny,11:00,Others,0.00,0.00,28.82
4,9/16/2020,BTPF07,sunny,11:00,Traveling,0.00,0.00,28.82
4,9/16/2020,BTPF07,sunny,11:00,Others,0.00,0.00,28.82
4,9/16/2020,BTPF07,sunny,11:00,Resting,0.11,1.00,28.82
4,9/16/2020,BTPF07,sunny,13:00,Feeding,0.00,0.00,28.08
4,9/16/2020,BTPF07,sunny,13:00,Others,0.00,0.00,28.08
4,9/16/2020,BTPF07,sunny,13:00,Traveling,0.00,0.00,28.08
4,9/16/2020,BTPF07,sunny,13:00,Others,0.00,0.00,28.08
4,9/16/2020,BTPF07,sunny,13:00,Resting,0.11,1.00,28.08
4,9/16/2020,BTPF07,sunny,14:00,Feeding,0.04,0.33,30.33
4,9/16/2020,BTPF07,sunny,14:00,Others,0.00,0.00,30.33
4,9/16/2020,BTPF07,sunny,14:00,Traveling,0.02,0.17,30.33
4,9/16/2020,BTPF07,sunny,14:00,Others,0.00,0.00,30.33
4,9/16/2020,BTPF07,sunny,14:00,Resting,0.06,0.50,30.33
4,9/16/2020,BTPF07,sunny,15:00,Feeding,0.07,0.67,30.19
4,9/16/2020,BTPF07,sunny,15:00,Others,0.00,0.00,30.19
4,9/16/2020,BTPF07,sunny,15:00,Traveling,0.00,0.00,30.19
4,9/16/2020,BTPF07,sunny,15:00,Others,0.00,0.00,30.19
4,9/16/2020,BTPF07,sunny,15:00,Resting,0.04,0.33,30.19
4,9/16/2020,BTPF07,sunny,16:00,Feeding,0.00,0.00,25.89
4,9/16/2020,BTPF07,sunny,16:00,Others,0.00,0.00,25.89
4,9/16/2020,BTPF07,sunny,16:00,Traveling,0.00,0.00,25.89
4,9/16/2020,BTPF07,sunny,16:00,Others,0.00,0.00,25.89
4,9/16/2020,BTPF07,sunny,16:00,Resting,0.11,1.00,25.89
5,9/23/2020,BTPF07,cloudy,07:00,Feeding,0.00,0.00,26.67
5,9/23/2020,BTPF07,cloudy,07:00,Others,0.04,0.33,26.67
5,9/23/2020,BTPF07,cloudy,07:00,Traveling,0.00,0.00,26.67
5,9/23/2020,BTPF07,cloudy,07:00,Others,0.00,0.00,26.67
5,9/23/2020,BTPF07,cloudy,07:00,Resting,0.07,0.67,26.67
5,9/23/2020,BTPF07,sunny,08:00,Feeding,0.00,0.00,28.15
5,9/23/2020,BTPF07,sunny,08:00,Others,0.06,0.50,28.15
5,9/23/2020,BTPF07,sunny,08:00,Traveling,0.00,0.00,28.15
5,9/23/2020,BTPF07,sunny,08:00,Others,0.00,0.00,28.15
5,9/23/2020,BTPF07,sunny,08:00,Resting,0.06,0.50,28.15
5,9/23/2020,BTPF07,sunny,09:00,Feeding,0.00,0.00,28.67
5,9/23/2020,BTPF07,sunny,09:00,Others,0.02,0.17,28.67
5,9/23/2020,BTPF07,sunny,09:00,Traveling,0.00,0.00,28.67
5,9/23/2020,BTPF07,sunny,09:00,Others,0.00,0.00,28.67
5,9/23/2020,BTPF07,sunny,09:00,Resting,0.09,0.83,28.67
5,9/23/2020,BTPF07,sunny,10:00,Feeding,0.00,0.00,28.53
5,9/23/2020,BTPF07,sunny,10:00,Others,0.02,0.17,28.53
5,9/23/2020,BTPF07,sunny,10:00,Traveling,0.00,0.00,28.53
5,9/23/2020,BTPF07,sunny,10:00,Others,0.00,0.00,28.53
5,9/23/2020,BTPF07,sunny,10:00,Resting,0.09,0.83,28.53
5,9/23/2020,BTPF07,sunny,11:00,Feeding,0.00,0.00,28.21
5,9/23/2020,BTPF07,sunny,11:00,Others,0.09,0.83,28.21
5,9/23/2020,BTPF07,sunny,11:00,Traveling,0.00,0.00,28.21
5,9/23/2020,BTPF07,sunny,11:00,Others,0.00,0.00,28.21
5,9/23/2020,BTPF07,sunny,11:00,Resting,0.02,0.17,28.21
5,9/22/2020,BTPF07,sunny,13:00,Feeding,0.06,0.50,29.04
5,9/22/2020,BTPF07,sunny,13:00,Others,0.04,0.33,29.04
5,9/22/2020,BTPF07,sunny,13:00,Traveling,0.00,0.00,29.04
5,9/22/2020,BTPF07,sunny,13:00,Others,0.00,0.00,29.04
5,9/22/2020,BTPF07,sunny,13:00,Resting,0.02,0.17,29.04
5,9/22/2020,BTPF07,sunny,14:00,Feeding,0.00,0.00,30.57
5,9/22/2020,BTPF07,sunny,14:00,Others,0.02,0.17,30.57
5,9/22/2020,BTPF07,sunny,14:00,Traveling,0.00,0.00,30.57
5,9/22/2020,BTPF07,sunny,14:00,Others,0.00,0.00,30.57
5,9/22/2020,BTPF07,sunny,14:00,Resting,0.09,0.83,30.57
5,9/22/2020,BTPF07,sunny,15:00,Feeding,0.00,0.00,29.47
5,9/22/2020,BTPF07,sunny,15:00,Others,0.06,0.50,29.47
5,9/22/2020,BTPF07,sunny,15:00,Traveling,0.00,0.00,29.47
5,9/22/2020,BTPF07,sunny,15:00,Others,0.00,0.00,29.47
5,9/22/2020,BTPF07,sunny,15:00,Resting,0.06,0.50,29.47
5,9/22/2020,BTPF07,sunny,16:00,Feeding,0.00,0.00,26.67
5,9/22/2020,BTPF07,sunny,16:00,Others,0.00,0.00,26.67
5,9/22/2020,BTPF07,sunny,16:00,Traveling,0.11,1.00,26.67
5,9/22/2020,BTPF07,sunny,16:00,Others,0.00,0.00,26.67
5,9/22/2020,BTPF07,sunny,16:00,Resting,0.00,0.00,26.67
1,8/21/2020,BTPF08,cloudy,07:00,Feeding,0.15,1.00,22.96
1,8/21/2020,BTPF08,cloudy,07:00,Others,0.00,0.00,22.96
1,8/21/2020,BTPF08,cloudy,07:00,Traveling,0.00,0.00,22.96
1,8/21/2020,BTPF08,cloudy,07:00,Others,0.00,0.00,22.96
1,8/21/2020,BTPF08,cloudy,07:00,Resting,0.00,0.00,22.96
1,8/21/2020,BTPF08,cloudy,08:00,Feeding,0.00,0.00,26.10
1,8/21/2020,BTPF08,cloudy,08:00,Others,0.03,0.25,26.10
1,8/21/2020,BTPF08,cloudy,08:00,Traveling,0.08,0.75,26.10
1,8/21/2020,BTPF08,cloudy,08:00,Others,0.00,0.00,26.10
1,8/21/2020,BTPF08,cloudy,08:00,Resting,0.00,0.00,26.10
1,8/21/2020,BTPF08,cloudy,09:00,Feeding,0.00,0.00,27.71
1,8/21/2020,BTPF08,cloudy,09:00,Others,0.02,1.00,27.71
1,8/21/2020,BTPF08,cloudy,09:00,Traveling,0.00,0.00,27.71
1,8/21/2020,BTPF08,cloudy,09:00,Others,0.00,0.00,27.71
1,8/21/2020,BTPF08,cloudy,09:00,Resting,0.00,0.00,27.71
1,8/21/2020,BTPF08,cloudy,10:00,Feeding,0.00,0.00,27.93
1,8/21/2020,BTPF08,cloudy,10:00,Others,0.03,0.25,27.93
1,8/21/2020,BTPF08,cloudy,10:00,Traveling,0.00,0.00,27.93
1,8/21/2020,BTPF08,cloudy,10:00,Others,0.00,0.00,27.93
1,8/21/2020,BTPF08,cloudy,10:00,Resting,0.08,0.75,27.93
1,8/21/2020,BTPF08,cloudy,11:00,Feeding,0.00,0.00,28.09
1,8/21/2020,BTPF08,cloudy,11:00,Others,0.00,0.00,28.09
1,8/21/2020,BTPF08,cloudy,11:00,Traveling,0.03,1.00,28.09
1,8/21/2020,BTPF08,cloudy,11:00,Others,0.00,0.00,28.09
1,8/21/2020,BTPF08,cloudy,11:00,Resting,0.00,0.00,28.09
1,8/21/2020,BTPF08,sunny,13:00,Feeding,0.10,0.67,27.11
1,8/21/2020,BTPF08,sunny,13:00,Others,0.00,0.00,27.11
1,8/21/2020,BTPF08,sunny,13:00,Traveling,0.00,0.00,27.11
1,8/21/2020,BTPF08,sunny,13:00,Others,0.00,0.00,27.11
1,8/21/2020,BTPF08,sunny,13:00,Resting,0.05,0.33,27.11
1,8/21/2020,BTPF08,sunny,14:00,Feeding,0.03,0.17,27.44
1,8/21/2020,BTPF08,sunny,14:00,Others,0.00,0.00,27.44
1,8/21/2020,BTPF08,sunny,14:00,Traveling,0.00,0.00,27.44
1,8/21/2020,BTPF08,sunny,14:00,Others,0.00,0.00,27.44
1,8/21/2020,BTPF08,sunny,14:00,Resting,0.13,0.83,27.44
1,8/21/2020,BTPF08,sunny,15:00,Feeding,0.08,0.50,26.62
1,8/21/2020,BTPF08,sunny,15:00,Others,0.05,0.33,26.62
1,8/21/2020,BTPF08,sunny,15:00,Traveling,0.03,0.17,26.62
1,8/21/2020,BTPF08,sunny,15:00,Others,0.00,0.00,26.62
1,8/21/2020,BTPF08,sunny,15:00,Resting,0.00,0.00,26.62
1,8/21/2020,BTPF08,sunny,16:00,Feeding,0.15,1.00,25.45
1,8/21/2020,BTPF08,sunny,16:00,Others,0.00,0.00,25.45
1,8/21/2020,BTPF08,sunny,16:00,Traveling,0.00,0.00,25.45
1,8/21/2020,BTPF08,sunny,16:00,Others,0.00,0.00,25.45
1,8/21/2020,BTPF08,sunny,16:00,Resting,0.00,0.00,25.45
2,8/29/2020,BTPF08,cloudy,07:00,Feeding,0.00,0.00,
2,8/29/2020,BTPF08,cloudy,07:00,Others,0.00,0.00,
2,8/29/2020,BTPF08,cloudy,07:00,Traveling,0.00,0.00,
2,8/29/2020,BTPF08,cloudy,07:00,Others,0.00,0.00,
2,8/29/2020,BTPF08,cloudy,07:00,Resting,0.11,1.00,
2,8/29/2020,BTPF08,cloudy,08:00,Feeding,0.00,0.00,
2,8/29/2020,BTPF08,cloudy,08:00,Others,0.00,0.00,
2,8/29/2020,BTPF08,cloudy,08:00,Traveling,0.00,0.00,
2,8/29/2020,BTPF08,cloudy,08:00,Others,0.00,0.00,
2,8/29/2020,BTPF08,cloudy,08:00,Resting,0.11,1.00,
2,8/29/2020,BTPF08,cloudy,09:00,Feeding,0.00,0.00,
2,8/29/2020,BTPF08,cloudy,09:00,Others,0.00,0.00,
2,8/29/2020,BTPF08,cloudy,09:00,Traveling,0.00,0.00,
2,8/29/2020,BTPF08,cloudy,09:00,Others,0.00,0.00,
2,8/29/2020,BTPF08,cloudy,09:00,Resting,0.11,1.00,
2,8/29/2020,BTPF08,cloudy,10:00,Feeding,0.00,0.00,
2,8/29/2020,BTPF08,cloudy,10:00,Others,0.00,0.00,
2,8/29/2020,BTPF08,cloudy,10:00,Traveling,0.00,0.00,
2,8/29/2020,BTPF08,cloudy,10:00,Others,0.00,0.00,
2,8/29/2020,BTPF08,cloudy,10:00,Resting,0.11,1.00,
2,8/29/2020,BTPF08,cloudy,11:00,Feeding,0.00,0.00,
2,8/29/2020,BTPF08,cloudy,11:00,Others,0.00,0.00,
2,8/29/2020,BTPF08,cloudy,11:00,Traveling,0.00,0.00,
2,8/29/2020,BTPF08,cloudy,11:00,Others,0.00,0.00,
2,8/29/2020,BTPF08,cloudy,11:00,Resting,0.11,1.00,
2,8/29/2020,BTPF08,cloudy,13:00,Feeding,0.00,0.00,
2,8/29/2020,BTPF08,cloudy,13:00,Others,0.00,0.00,
2,8/29/2020,BTPF08,cloudy,13:00,Traveling,0.00,0.00,
2,8/29/2020,BTPF08,cloudy,13:00,Others,0.00,0.00,
2,8/29/2020,BTPF08,cloudy,13:00,Resting,0.11,1.00,
2,8/29/2020,BTPF08,cloudy,14:00,Feeding,0.00,0.00,
2,8/29/2020,BTPF08,cloudy,14:00,Others,0.00,0.00,
2,8/29/2020,BTPF08,cloudy,14:00,Traveling,0.00,0.00,
2,8/29/2020,BTPF08,cloudy,14:00,Others,0.00,0.00,
2,8/29/2020,BTPF08,cloudy,14:00,Resting,0.11,1.00,
2,8/29/2020,BTPF08,cloudy,15:00,Feeding,0.00,0.00,
2,8/29/2020,BTPF08,cloudy,15:00,Others,0.00,0.00,
2,8/29/2020,BTPF08,cloudy,15:00,Traveling,0.00,0.00,
2,8/29/2020,BTPF08,cloudy,15:00,Others,0.00,0.00,
2,8/29/2020,BTPF08,cloudy,15:00,Resting,0.11,1.00,
2,8/29/2020,BTPF08,cloudy,16:00,Feeding,0.00,0.00,
2,8/29/2020,BTPF08,cloudy,16:00,Others,0.00,0.00,
2,8/29/2020,BTPF08,cloudy,16:00,Traveling,0.00,0.00,
2,8/29/2020,BTPF08,cloudy,16:00,Others,0.00,0.00,
2,8/29/2020,BTPF08,cloudy,16:00,Resting,0.11,1.00,
3,9/10/2020,BTPF08,sunny,07:00,Feeding,0.14,0.83,26.39
3,9/10/2020,BTPF08,sunny,07:00,Others,0.03,0.17,26.39
3,9/10/2020,BTPF08,sunny,07:00,Traveling,0.00,0.00,26.39
3,9/10/2020,BTPF08,sunny,07:00,Others,0.00,0.00,26.39
3,9/10/2020,BTPF08,sunny,07:00,Resting,0.00,0.00,26.39
3,9/10/2020,BTPF08,cloudy,08:00,Feeding,0.14,0.83,26.98
3,9/10/2020,BTPF08,cloudy,08:00,Others,0.00,0.00,26.98
3,9/10/2020,BTPF08,cloudy,08:00,Traveling,0.00,0.00,26.98
3,9/10/2020,BTPF08,cloudy,08:00,Others,0.00,0.00,26.98
3,9/10/2020,BTPF08,cloudy,08:00,Resting,0.03,0.17,26.98
3,9/10/2020,BTPF08,sunny,09:00,Feeding,0.00,0.00,28.23
3,9/10/2020,BTPF08,sunny,09:00,Others,0.03,0.17,28.23
3,9/10/2020,BTPF08,sunny,09:00,Traveling,0.00,0.00,28.23
3,9/10/2020,BTPF08,sunny,09:00,Others,0.00,0.00,28.23
3,9/10/2020,BTPF08,sunny,09:00,Resting,0.14,0.83,28.23
3,9/10/2020,BTPF08,sunny,10:00,Feeding,0.00,0.00,28.44
3,9/10/2020,BTPF08,sunny,10:00,Others,0.11,0.67,28.44
3,9/10/2020,BTPF08,sunny,10:00,Traveling,0.00,0.00,28.44
3,9/10/2020,BTPF08,sunny,10:00,Others,0.00,0.00,28.44
3,9/10/2020,BTPF08,sunny,10:00,Resting,0.05,0.33,28.44
3,9/10/2020,BTPF08,sunny,11:00,Feeding,0.00,0.00,28.94
3,9/10/2020,BTPF08,sunny,11:00,Others,0.00,0.00,28.94
3,9/10/2020,BTPF08,sunny,11:00,Traveling,0.03,0.17,28.94
3,9/10/2020,BTPF08,sunny,11:00,Others,0.00,0.00,28.94
3,9/10/2020,BTPF08,sunny,11:00,Resting,0.14,0.83,28.94
3,9/10/2020,BTPF08,sunny,13:00,Feeding,0.05,0.33,27.71
3,9/10/2020,BTPF08,sunny,13:00,Others,0.00,0.00,27.71
3,9/10/2020,BTPF08,sunny,13:00,Traveling,0.03,0.17,27.71
3,9/10/2020,BTPF08,sunny,13:00,Others,0.00,0.00,27.71
3,9/10/2020,BTPF08,sunny,13:00,Resting,0.08,0.50,27.71
3,9/10/2020,BTPF08,sunny,14:00,Feeding,0.00,0.00,28.64
3,9/10/2020,BTPF08,sunny,14:00,Others,0.00,0.00,28.64
3,9/10/2020,BTPF08,sunny,14:00,Traveling,0.03,1.00,28.64
3,9/10/2020,BTPF08,sunny,14:00,Others,0.00,0.00,28.64
3,9/10/2020,BTPF08,sunny,14:00,Resting,0.00,,28.64
3,9/10/2020,BTPF08,sunny,15:00,Feeding,,,28.89
3,9/10/2020,BTPF08,sunny,15:00,Others,,,28.89
3,9/10/2020,BTPF08,sunny,15:00,Traveling,,,28.89
3,9/10/2020,BTPF08,sunny,15:00,Others,,,28.89
3,9/10/2020,BTPF08,sunny,15:00,Resting,,,28.89
3,9/10/2020,BTPF08,sunny,16:00,Feeding,,,25.24
3,9/10/2020,BTPF08,sunny,16:00,Others,,,25.24
3,9/10/2020,BTPF08,sunny,16:00,Traveling,,,25.24
3,9/10/2020,BTPF08,sunny,16:00,Others,,,25.24
3,9/10/2020,BTPF08,sunny,16:00,Resting,,,25.24
4,9/15/2020,BTPF08,sunny,07:00,Feeding,0.00,0.00,23.74
4,9/15/2020,BTPF08,sunny,07:00,Others,0.00,0.00,23.74
4,9/15/2020,BTPF08,sunny,07:00,Traveling,0.00,0.00,23.74
4,9/15/2020,BTPF08,sunny,07:00,Others,0.00,0.00,23.74
4,9/15/2020,BTPF08,sunny,07:00,Resting,0.12,1.00,23.74
4,9/15/2020,BTPF08,cloudy,08:00,Feeding,0.00,0.00,25.72
4,9/15/2020,BTPF08,cloudy,08:00,Others,0.00,0.00,25.72
4,9/15/2020,BTPF08,cloudy,08:00,Traveling,0.00,0.00,25.72
4,9/15/2020,BTPF08,cloudy,08:00,Others,0.00,0.00,25.72
4,9/15/2020,BTPF08,cloudy,08:00,Resting,0.12,1.00,25.72
4,9/15/2020,BTPF08,cloudy,09:00,Feeding,0.10,0.83,26.91
4,9/15/2020,BTPF08,cloudy,09:00,Others,0.00,0.00,26.91
4,9/15/2020,BTPF08,cloudy,09:00,Traveling,0.00,0.00,26.91
4,9/15/2020,BTPF08,cloudy,09:00,Others,0.00,0.00,26.91
4,9/15/2020,BTPF08,cloudy,09:00,Resting,0.02,0.17,26.91
4,9/15/2020,BTPF08,cloudy,10:00,Feeding,0.00,0.00,24.35
4,9/15/2020,BTPF08,cloudy,10:00,Others,0.00,0.00,24.35
4,9/15/2020,BTPF08,cloudy,10:00,Traveling,0.00,0.00,24.35
4,9/15/2020,BTPF08,cloudy,10:00,Others,0.00,0.00,24.35
4,9/15/2020,BTPF08,cloudy,10:00,Resting,0.12,1.00,24.35
4,9/15/2020,BTPF08,cloudy,11:00,Feeding,0.00,0.00,24.00
4,9/15/2020,BTPF08,cloudy,11:00,Others,0.00,0.00,24.00
4,9/15/2020,BTPF08,cloudy,11:00,Traveling,0.00,0.00,24.00
4,9/15/2020,BTPF08,cloudy,11:00,Others,0.00,0.00,24.00
4,9/15/2020,BTPF08,cloudy,11:00,Resting,0.12,1.00,24.00
4,9/15/2020,BTPF08,cloudy,13:00,Feeding,0.00,0.00,27.27
4,9/15/2020,BTPF08,cloudy,13:00,Others,0.00,0.00,27.27
4,9/15/2020,BTPF08,cloudy,13:00,Traveling,0.02,0.33,27.27
4,9/15/2020,BTPF08,cloudy,13:00,Others,0.00,0.00,27.27
4,9/15/2020,BTPF08,cloudy,13:00,Resting,0.04,0.67,27.27
4,9/15/2020,BTPF08,cloudy,14:00,Feeding,0.00,0.00,28.86
4,9/15/2020,BTPF08,cloudy,14:00,Others,0.00,0.00,28.86
4,9/15/2020,BTPF08,cloudy,14:00,Traveling,0.02,0.17,28.86
4,9/15/2020,BTPF08,cloudy,14:00,Others,0.00,0.00,28.86
4,9/15/2020,BTPF08,cloudy,14:00,Resting,0.10,0.83,28.86
4,9/15/2020,BTPF08,cloudy,15:00,Feeding,0.00,0.00,25.89
4,9/15/2020,BTPF08,cloudy,15:00,Others,0.00,0.00,25.89
4,9/15/2020,BTPF08,cloudy,15:00,Traveling,0.00,0.00,25.89
4,9/15/2020,BTPF08,cloudy,15:00,Others,0.00,0.00,25.89
4,9/15/2020,BTPF08,cloudy,15:00,Resting,0.12,1.00,25.89
4,9/15/2020,BTPF08,cloudy,16:00,Feeding,0.00,0.00,23.64
4,9/15/2020,BTPF08,cloudy,16:00,Others,0.00,0.00,23.64
4,9/15/2020,BTPF08,cloudy,16:00,Traveling,0.00,0.00,23.64
4,9/15/2020,BTPF08,cloudy,16:00,Others,0.00,0.00,23.64
4,9/15/2020,BTPF08,cloudy,16:00,Resting,0.12,1.00,23.64
5,9/29/2020,BTPF08,sunny,07:00,Feeding,0.00,0.00,
5,9/29/2020,BTPF08,sunny,07:00,Others,0.00,0.00,
5,9/29/2020,BTPF08,sunny,07:00,Traveling,0.00,0.00,
5,9/29/2020,BTPF08,sunny,07:00,Others,0.00,0.00,
5,9/29/2020,BTPF08,sunny,07:00,Resting,0.11,1.00,
5,9/29/2020,BTPF08,sunny,08:00,Feeding,0.00,0.00,
5,9/29/2020,BTPF08,sunny,08:00,Others,0.00,0.00,
5,9/29/2020,BTPF08,sunny,08:00,Traveling,0.00,0.00,
5,9/29/2020,BTPF08,sunny,08:00,Others,0.00,0.00,
5,9/29/2020,BTPF08,sunny,08:00,Resting,0.11,1.00,
5,9/29/2020,BTPF08,sunny,09:00,Feeding,0.02,0.17,
5,9/29/2020,BTPF08,sunny,09:00,Others,0.02,0.17,
5,9/29/2020,BTPF08,sunny,09:00,Traveling,0.00,0.00,
5,9/29/2020,BTPF08,sunny,09:00,Others,0.00,0.00,
5,9/29/2020,BTPF08,sunny,09:00,Resting,0.07,0.67,
5,9/29/2020,BTPF08,sunny,10:00,Feeding,0.02,0.17,
5,9/29/2020,BTPF08,sunny,10:00,Others,0.00,0.00,
5,9/29/2020,BTPF08,sunny,10:00,Traveling,0.00,0.00,
5,9/29/2020,BTPF08,sunny,10:00,Others,0.00,0.00,
5,9/29/2020,BTPF08,sunny,10:00,Resting,0.09,0.83,
5,9/29/2020,BTPF08,sunny,11:00,Feeding,0.00,0.00,
5,9/29/2020,BTPF08,sunny,11:00,Others,0.00,0.00,
5,9/29/2020,BTPF08,sunny,11:00,Traveling,0.00,0.00,
5,9/29/2020,BTPF08,sunny,11:00,Others,0.00,0.00,
5,9/29/2020,BTPF08,sunny,11:00,Resting,0.11,1.00,
5,9/29/2020,BTPF08,sunny,13:00,Feeding,0.00,0.00,
5,9/29/2020,BTPF08,sunny,13:00,Others,0.00,0.00,
5,9/29/2020,BTPF08,sunny,13:00,Traveling,0.00,0.00,
5,9/29/2020,BTPF08,sunny,13:00,Others,0.00,0.00,
5,9/29/2020,BTPF08,sunny,13:00,Resting,0.11,1.00,
5,9/29/2020,BTPF08,cloudy,14:00,Feeding,0.00,0.00,
5,9/29/2020,BTPF08,cloudy,14:00,Others,0.00,0.00,
5,9/29/2020,BTPF08,cloudy,14:00,Traveling,0.00,0.00,
5,9/29/2020,BTPF08,cloudy,14:00,Others,0.00,0.00,
5,9/29/2020,BTPF08,cloudy,14:00,Resting,0.11,1.00,
5,9/29/2020,BTPF08,sunny,15:00,Feeding,0.00,0.00,
5,9/29/2020,BTPF08,sunny,15:00,Others,0.00,0.00,
5,9/29/2020,BTPF08,sunny,15:00,Traveling,0.00,0.00,
5,9/29/2020,BTPF08,sunny,15:00,Others,0.00,0.00,
5,9/29/2020,BTPF08,sunny,15:00,Resting,0.11,1.00,
5,9/29/2020,BTPF08,sunny,16:00,Feeding,0.00,0.00,
5,9/29/2020,BTPF08,sunny,16:00,Others,0.00,0.00,
5,9/29/2020,BTPF08,sunny,16:00,Traveling,0.00,0.00,
5,9/29/2020,BTPF08,sunny,16:00,Others,0.00,0.00,
5,9/29/2020,BTPF08,sunny,16:00,Resting,0.11,1.00,
1,8/20/2020,BTPF09,cloudy,07:00,Feeding,0.02,0.17,22.33
1,8/20/2020,BTPF09,cloudy,07:00,Others,0.00,0.00,22.33
1,8/20/2020,BTPF09,cloudy,07:00,Traveling,0.00,0.00,22.33
1,8/20/2020,BTPF09,cloudy,07:00,Others,0.00,0.00,22.33
1,8/20/2020,BTPF09,cloudy,07:00,Resting,0.11,0.83,22.33
1,8/20/2020,BTPF09,sunny,08:00,Feeding,0.00,0.00,25.81
1,8/20/2020,BTPF09,sunny,08:00,Others,0.00,0.00,25.81
1,8/20/2020,BTPF09,sunny,08:00,Traveling,0.02,0.17,25.81
1,8/20/2020,BTPF09,sunny,08:00,Others,0.00,0.00,25.81
1,8/20/2020,BTPF09,sunny,08:00,Resting,0.11,0.83,25.81
1,8/20/2020,BTPF09,cloudy,09:00,Feeding,0.00,0.00,27.49
1,8/20/2020,BTPF09,cloudy,09:00,Others,0.00,0.00,27.49
1,8/20/2020,BTPF09,cloudy,09:00,Traveling,0.00,0.00,27.49
1,8/20/2020,BTPF09,cloudy,09:00,Others,0.00,0.00,27.49
1,8/20/2020,BTPF09,cloudy,09:00,Resting,0.13,1.00,27.49
1,8/20/2020,BTPF09,cloudy,10:00,Feeding,0.00,0.00,26.67
1,8/20/2020,BTPF09,cloudy,10:00,Others,0.00,0.00,26.67
1,8/20/2020,BTPF09,cloudy,10:00,Traveling,0.00,0.00,26.67
1,8/20/2020,BTPF09,cloudy,10:00,Others,0.00,0.00,26.67
1,8/20/2020,BTPF09,cloudy,10:00,Resting,0.13,1.00,26.67
1,8/20/2020,BTPF09,cloudy,11:00,Feeding,0.00,0.00,27.50
1,8/20/2020,BTPF09,cloudy,11:00,Others,0.00,0.00,27.50
1,8/20/2020,BTPF09,cloudy,11:00,Traveling,0.00,0.00,27.50
1,8/20/2020,BTPF09,cloudy,11:00,Others,0.00,0.00,27.50
1,8/20/2020,BTPF09,cloudy,11:00,Resting,0.13,1.00,27.50
1,8/20/2020,BTPF09,cloudy,13:00,Feeding,0.00,0.00,28.56
1,8/20/2020,BTPF09,cloudy,13:00,Others,0.00,0.00,28.56
1,8/20/2020,BTPF09,cloudy,13:00,Traveling,0.02,0.50,28.56
1,8/20/2020,BTPF09,cloudy,13:00,Others,0.00,0.00,28.56
1,8/20/2020,BTPF09,cloudy,13:00,Resting,0.02,0.50,28.56
1,8/20/2020,BTPF09,cloudy,14:00,Feeding,0.00,0.00,27.96
1,8/20/2020,BTPF09,cloudy,14:00,Others,0.00,0.00,27.96
1,8/20/2020,BTPF09,cloudy,14:00,Traveling,0.00,0.00,27.96
1,8/20/2020,BTPF09,cloudy,14:00,Others,0.00,0.00,27.96
1,8/20/2020,BTPF09,cloudy,14:00,Resting,0.09,1.00,27.96
1,8/20/2020,BTPF09,cloudy,15:00,Feeding,0.00,0.00,27.08
1,8/20/2020,BTPF09,cloudy,15:00,Others,0.00,0.00,27.08
1,8/20/2020,BTPF09,cloudy,15:00,Traveling,0.00,0.00,27.08
1,8/20/2020,BTPF09,cloudy,15:00,Others,0.00,0.00,27.08
1,8/20/2020,BTPF09,cloudy,15:00,Resting,0.13,1.00,27.08
1,8/20/2020,BTPF09,cloudy,16:00,Feeding,0.00,0.00,25.66
1,8/20/2020,BTPF09,cloudy,16:00,Others,0.00,0.00,25.66
1,8/20/2020,BTPF09,cloudy,16:00,Traveling,0.00,0.00,25.66
1,8/20/2020,BTPF09,cloudy,16:00,Others,0.00,0.00,25.66
1,8/20/2020,BTPF09,cloudy,16:00,Resting,0.11,1.00,25.66
2,8/28/2020,BTPF09,cloudy,07:00,Feeding,0.12,1.00,
2,8/28/2020,BTPF09,cloudy,07:00,Others,0.00,0.00,
2,8/28/2020,BTPF09,cloudy,07:00,Traveling,0.00,0.00,
2,8/28/2020,BTPF09,cloudy,07:00,Others,0.00,0.00,
2,8/28/2020,BTPF09,cloudy,07:00,Resting,0.00,0.00,
2,8/28/2020,BTPF09,cloudy,08:00,Feeding,0.08,0.80,
2,8/28/2020,BTPF09,cloudy,08:00,Others,0.00,0.00,
2,8/28/2020,BTPF09,cloudy,08:00,Traveling,0.00,0.00,
2,8/28/2020,BTPF09,cloudy,08:00,Others,0.00,0.00,
2,8/28/2020,BTPF09,cloudy,08:00,Resting,0.02,0.20,
2,8/28/2020,BTPF09,cloudy,09:00,Feeding,0.00,0.00,
2,8/28/2020,BTPF09,cloudy,09:00,Others,0.04,0.33,
2,8/28/2020,BTPF09,cloudy,09:00,Traveling,0.00,0.00,
2,8/28/2020,BTPF09,cloudy,09:00,Others,0.00,0.00,
2,8/28/2020,BTPF09,cloudy,09:00,Resting,0.08,0.67,
2,8/28/2020,BTPF09,cloudy,10:00,Feeding,0.06,0.50,
2,8/28/2020,BTPF09,cloudy,10:00,Others,0.04,0.33,
2,8/28/2020,BTPF09,cloudy,10:00,Traveling,0.02,0.17,
2,8/28/2020,BTPF09,cloudy,10:00,Others,0.00,0.00,
2,8/28/2020,BTPF09,cloudy,10:00,Resting,0.00,0.00,
2,8/28/2020,BTPF09,cloudy,11:00,Feeding,0.04,1.00,
2,8/28/2020,BTPF09,cloudy,11:00,Others,0.00,0.00,
2,8/28/2020,BTPF09,cloudy,11:00,Traveling,0.00,0.00,
2,8/28/2020,BTPF09,cloudy,11:00,Others,0.00,0.00,
2,8/28/2020,BTPF09,cloudy,11:00,Resting,0.00,0.00,
2,8/28/2020,BTPF09,sunny,13:00,Feeding,0.00,0.00,
2,8/28/2020,BTPF09,sunny,13:00,Others,0.00,0.00,
2,8/28/2020,BTPF09,sunny,13:00,Traveling,0.00,0.00,
2,8/28/2020,BTPF09,sunny,13:00,Others,0.00,0.00,
2,8/28/2020,BTPF09,sunny,13:00,Resting,0.12,1.00,
2,8/28/2020,BTPF09,cloudy,14:00,Feeding,0.08,0.67,
2,8/28/2020,BTPF09,cloudy,14:00,Others,0.00,0.00,
2,8/28/2020,BTPF09,cloudy,14:00,Traveling,0.00,0.00,
2,8/28/2020,BTPF09,cloudy,14:00,Others,0.00,0.00,
2,8/28/2020,BTPF09,cloudy,14:00,Resting,0.04,0.33,
2,8/28/2020,BTPF09,sunny,15:00,Feeding,0.02,0.17,
2,8/28/2020,BTPF09,sunny,15:00,Others,0.00,0.00,
2,8/28/2020,BTPF09,sunny,15:00,Traveling,0.00,0.00,
2,8/28/2020,BTPF09,sunny,15:00,Others,0.00,0.00,
2,8/28/2020,BTPF09,sunny,15:00,Resting,0.10,0.83,
2,8/28/2020,BTPF09,sunny,16:00,Feeding,0.00,0.00,
2,8/28/2020,BTPF09,sunny,16:00,Others,0.00,,
2,8/28/2020,BTPF09,sunny,16:00,Traveling,0.00,0.00,
2,8/28/2020,BTPF09,sunny,16:00,Others,0.00,0.00,
2,8/28/2020,BTPF09,sunny,16:00,Resting,0.12,1.00,
3,9/10/2020,BTPF09,sunny,07:00,Feeding,0.00,0.00,26.39
3,9/10/2020,BTPF09,sunny,07:00,Others,0.00,0.00,26.39
3,9/10/2020,BTPF09,sunny,07:00,Traveling,0.00,0.00,26.39
3,9/10/2020,BTPF09,sunny,07:00,Others,0.00,0.00,26.39
3,9/10/2020,BTPF09,sunny,07:00,Resting,0.11,1.00,26.39
3,9/10/2020,BTPF09,sunny,08:00,Feeding,0.00,0.00,26.98
3,9/10/2020,BTPF09,sunny,08:00,Others,0.00,0.00,26.98
3,9/10/2020,BTPF09,sunny,08:00,Traveling,0.00,0.00,26.98
3,9/10/2020,BTPF09,sunny,08:00,Others,0.00,0.00,26.98
3,9/10/2020,BTPF09,sunny,08:00,Resting,0.11,1.00,26.98
3,9/10/2020,BTPF09,sunny,09:00,Feeding,0.00,0.00,28.23
3,9/10/2020,BTPF09,sunny,09:00,Others,0.00,0.00,28.23
3,9/10/2020,BTPF09,sunny,09:00,Traveling,0.00,0.00,28.23
3,9/10/2020,BTPF09,sunny,09:00,Others,0.00,0.00,28.23
3,9/10/2020,BTPF09,sunny,09:00,Resting,0.11,1.00,28.23
3,9/10/2020,BTPF09,sunny,10:00,Feeding,0.00,0.00,28.44
3,9/10/2020,BTPF09,sunny,10:00,Others,0.00,0.00,28.44
3,9/10/2020,BTPF09,sunny,10:00,Traveling,0.00,0.00,28.44
3,9/10/2020,BTPF09,sunny,10:00,Others,0.00,0.00,28.44
3,9/10/2020,BTPF09,sunny,10:00,Resting,0.11,1.00,28.44
3,9/10/2020,BTPF09,sunny,11:00,Feeding,0.00,0.00,28.94
3,9/10/2020,BTPF09,sunny,11:00,Others,0.00,0.00,28.94
3,9/10/2020,BTPF09,sunny,11:00,Traveling,0.00,0.00,28.94
3,9/10/2020,BTPF09,sunny,11:00,Others,0.00,0.00,28.94
3,9/10/2020,BTPF09,sunny,11:00,Resting,0.11,1.00,28.94
3,9/10/2020,BTPF09,sunny,13:00,Feeding,0.00,0.00,27.71
3,9/10/2020,BTPF09,sunny,13:00,Others,0.00,0.00,27.71
3,9/10/2020,BTPF09,sunny,13:00,Traveling,0.00,0.00,27.71
3,9/10/2020,BTPF09,sunny,13:00,Others,0.00,0.00,27.71
3,9/10/2020,BTPF09,sunny,13:00,Resting,0.11,1.00,27.71
3,9/10/2020,BTPF09,sunny,14:00,Feeding,0.00,0.00,28.64
3,9/10/2020,BTPF09,sunny,14:00,Others,0.00,0.00,28.64
3,9/10/2020,BTPF09,sunny,14:00,Traveling,0.00,0.00,28.64
3,9/10/2020,BTPF09,sunny,14:00,Others,0.00,0.00,28.64
3,9/10/2020,BTPF09,sunny,14:00,Resting,0.11,1.00,28.64
3,9/10/2020,BTPF09,sunny,15:00,Feeding,0.00,0.00,28.89
3,9/10/2020,BTPF09,sunny,15:00,Others,0.00,0.00,28.89
3,9/10/2020,BTPF09,sunny,15:00,Traveling,0.00,0.00,28.89
3,9/10/2020,BTPF09,sunny,15:00,Others,0.00,0.00,28.89
3,9/10/2020,BTPF09,sunny,15:00,Resting,0.11,1.00,28.89
3,9/10/2020,BTPF09,sunny,16:00,Feeding,0.00,0.00,25.24
3,9/10/2020,BTPF09,sunny,16:00,Others,0.00,0.00,25.24
3,9/10/2020,BTPF09,sunny,16:00,Traveling,0.00,0.00,25.24
3,9/10/2020,BTPF09,sunny,16:00,Others,0.00,0.00,25.24
3,9/10/2020,BTPF09,sunny,16:00,Resting,0.11,1.00,25.24
4,10/21/2020,BTPF09,cloudy,07:00,Feeding,0.00,0.00,25.08
4,10/21/2020,BTPF09,cloudy,07:00,Others,0.00,0.00,25.08
4,10/21/2020,BTPF09,cloudy,07:00,Traveling,0.00,0.00,25.08
4,10/21/2020,BTPF09,cloudy,07:00,Others,0.00,0.00,25.08
4,10/21/2020,BTPF09,cloudy,07:00,Resting,0.06,1.00,25.08
4,10/21/2020,BTPF09,cloudy,08:00,Feeding,0.00,0.00,27.31
4,10/21/2020,BTPF09,cloudy,08:00,Others,0.00,0.00,27.31
4,10/21/2020,BTPF09,cloudy,08:00,Traveling,0.00,0.00,27.31
4,10/21/2020,BTPF09,cloudy,08:00,Others,0.00,0.00,27.31
4,10/21/2020,BTPF09,cloudy,08:00,Resting,0.12,1.00,27.31
4,10/21/2020,BTPF09,sunny,09:00,Feeding,0.08,0.67,28.23
4,10/21/2020,BTPF09,sunny,09:00,Others,0.00,0.00,28.23
4,10/21/2020,BTPF09,sunny,09:00,Traveling,0.04,0.33,28.23
4,10/21/2020,BTPF09,sunny,09:00,Others,0.00,0.00,28.23
4,10/21/2020,BTPF09,sunny,09:00,Resting,0.00,0.00,28.23
4,10/21/2020,BTPF09,sunny,10:00,Feeding,0.04,0.33,28.87
4,10/21/2020,BTPF09,sunny,10:00,Others,0.00,0.00,28.87
4,10/21/2020,BTPF09,sunny,10:00,Traveling,0.00,0.00,28.87
4,10/21/2020,BTPF09,sunny,10:00,Others,0.00,0.00,28.87
4,10/21/2020,BTPF09,sunny,10:00,Resting,0.08,0.67,28.87
4,10/21/2020,BTPF09,sunny,11:00,Feeding,0.00,0.00,29.09
4,10/21/2020,BTPF09,sunny,11:00,Others,0.00,0.00,29.09
4,10/21/2020,BTPF09,sunny,11:00,Traveling,0.00,0.00,29.09
4,10/21/2020,BTPF09,sunny,11:00,Others,0.00,0.00,29.09
4,10/21/2020,BTPF09,sunny,11:00,Resting,0.12,1.00,29.09
4,10/21/2020,BTPF09,sunny,13:00,Feeding,0.00,0.00,28.97
4,10/21/2020,BTPF09,sunny,13:00,Others,0.00,0.00,28.97
4,10/21/2020,BTPF09,sunny,13:00,Traveling,0.00,0.00,28.97
4,10/21/2020,BTPF09,sunny,13:00,Others,0.00,0.00,28.97
4,10/21/2020,BTPF09,sunny,13:00,Resting,0.08,1.00,28.97
4,10/21/2020,BTPF09,sunny,14:00,Feeding,0.00,0.00,32.90
4,10/21/2020,BTPF09,sunny,14:00,Others,0.06,0.50,32.90
4,10/21/2020,BTPF09,sunny,14:00,Traveling,0.00,0.00,32.90
4,10/21/2020,BTPF09,sunny,14:00,Others,0.00,0.00,32.90
4,10/21/2020,BTPF09,sunny,14:00,Resting,0.06,0.50,32.90
4,10/21/2020,BTPF09,sunny,15:00,Feeding,0.12,1.00,30.09
4,10/21/2020,BTPF09,sunny,15:00,Others,0.00,0.00,30.09
4,10/21/2020,BTPF09,sunny,15:00,Traveling,0.00,0.00,30.09
4,10/21/2020,BTPF09,sunny,15:00,Others,0.00,0.00,30.09
4,10/21/2020,BTPF09,sunny,15:00,Resting,0.00,0.00,30.09
4,10/21/2020,BTPF09,sunny,16:00,Feeding,0.08,0.67,26.00
4,10/21/2020,BTPF09,sunny,16:00,Others,0.02,0.17,26.00
4,10/21/2020,BTPF09,sunny,16:00,Traveling,0.02,0.17,26.00
4,10/21/2020,BTPF09,sunny,16:00,Others,0.00,0.00,26.00
4,10/21/2020,BTPF09,sunny,16:00,Resting,0.00,0.00,26.00
5,9/22/2020,BTPF09,sunny,07:00,Feeding,0.00,0.00,26.57
5,9/22/2020,BTPF09,sunny,07:00,Others,0.00,0.00,26.57
5,9/22/2020,BTPF09,sunny,07:00,Traveling,0.00,0.00,26.57
5,9/22/2020,BTPF09,sunny,07:00,Others,0.00,0.00,26.57
5,9/22/2020,BTPF09,sunny,07:00,Resting,0.14,1.00,26.57
5,9/22/2020,BTPF09,sunny,08:00,Feeding,0.00,0.00,29.14
5,9/22/2020,BTPF09,sunny,08:00,Others,0.00,0.00,29.14
5,9/22/2020,BTPF09,sunny,08:00,Traveling,0.00,0.00,29.14
5,9/22/2020,BTPF09,sunny,08:00,Others,0.00,0.00,29.14
5,9/22/2020,BTPF09,sunny,08:00,Resting,0.21,1.00,29.14
5,9/22/2020,BTPF09,sunny,09:00,Feeding,0.00,0.00,30.78
5,9/22/2020,BTPF09,sunny,09:00,Others,0.00,0.00,30.78
5,9/22/2020,BTPF09,sunny,09:00,Traveling,0.00,0.00,30.78
5,9/22/2020,BTPF09,sunny,09:00,Others,0.00,0.00,30.78
5,9/22/2020,BTPF09,sunny,09:00,Resting,0.21,1.00,30.78
5,9/22/2020,BTPF09,sunny,10:00,Feeding,0.00,0.00,30.96
5,9/22/2020,BTPF09,sunny,10:00,Others,0.00,0.00,30.96
5,9/22/2020,BTPF09,sunny,10:00,Traveling,0.00,0.00,30.96
5,9/22/2020,BTPF09,sunny,10:00,Others,0.00,0.00,30.96
5,9/22/2020,BTPF09,sunny,10:00,Resting,0.21,1.00,30.96
5,9/22/2020,BTPF09,sunny,11:00,Feeding,0.00,0.00,31.10
5,9/22/2020,BTPF09,sunny,11:00,Others,0.00,0.00,31.10
5,9/22/2020,BTPF09,sunny,11:00,Traveling,0.00,0.00,31.10
5,9/22/2020,BTPF09,sunny,11:00,Others,0.00,0.00,31.10
5,9/22/2020,BTPF09,sunny,11:00,Resting,0.21,1.00,31.10
